Watch,Time
watch1,10:10:30
watch2,11:15:12
watch3,10:10:25
watch4,10:11:48
watch5,10:08:31
watch6,12:47:00
watch7,10:10:35
watch8,10:09:33
watch9,10:09:40
watch10,10:08:21
watch11,10:10:37
watch12,10:08:36
watch13,10:08:36
watch14,10:08:34
watch15,10:10:36
watch16,10:08:37
watch17,10:10:36
watch18,10:09:37
watch19,10:08:36
watch20,10:08:37
watch21,10:08:37
watch22,10:08:37
watch23,10:08:41
watch24,10:09:55
watch25,02:51:58
watch26,10:08:37
watch27,10:08:36
watch28,10:07:06
watch29,10:10:59
watch30,10:10:00
watch31,10:10:34
watch32,10:07:36
watch33,10:09:35
watch34,10:08:36
watch35,01:49:14
watch36,10:10:00
watch37,10:10:06
watch38,10:09:36
watch39,10:01:00
watch40,10:12:00
watch41,10:11:37
watch42,03:42:48
watch43,10:10:36
watch44,10:09:00
watch45,10:09:00
watch46,10:07:35
watch47,10:11:36
watch48,10:07:33
watch49,10:09:00
watch50,10:09:00
watch51,10:09:00
watch52,10:09:00
watch53,10:10:00
watch54,10:09:00
watch55,10:10:00
watch56,10:11:37
watch57,10:10:00
watch58,10:07:00
watch59,10:01:00
watch60,10:13:22
watch61,10:08:00
watch62,10:10:00
watch63,09:10:30
watch64,10:08:00
watch65,10:08:00
watch66,10:11:00
watch67,10:11:40
watch68,10:09:00
watch69,03:14:00
watch70,10:09:00
watch71,10:08:26
watch72,03:49:20
watch73,10:10:00
watch74,10:10:52
watch75,10:06:00
watch76,10:09:00
watch77,10:11:00
watch78,10:09:00
watch79,06:47:54
watch80,10:09:00
watch81,10:11:27
watch82,10:08:00
watch83,10:09:00
watch84,10:09:00
watch85,10:12:36
watch86,10:10:00
watch87,10:12:36
watch88,10:10:00
watch89,10:08:00
watch90,10:09:00
watch91,10:11:36
watch92,10:10:00
watch93,10:08:00
watch94,10:40:00
watch95,10:08:00
watch96,01:51:25
watch97,07:55:00
watch98,01:51:00
watch99,10:10:00
watch100,10:10:00
watch101,01:54:00
watch102,10:07:00
watch103,10:10:00
watch104,10:08:37
watch105,10:10:00
watch106,10:10:00
watch107,04:44:00
watch108,10:09:37
watch109,10:08:00
watch110,10:09:00
watch111,10:09:00
watch112,10:09:00
watch113,10:07:00
watch114,10:10:35
watch115,10:07:47
watch116,10:10:50
watch117,10:09:00
watch118,10:09:40
watch119,10:09:00
watch120,10:10:00
watch121,10:11:37
watch122,09:55:31
watch123,10:11:37
watch124,10:08:00
watch125,10:09:00
watch126,10:08:35
watch127,10:07:00
watch128,10:09:00
watch129,02:49:33
watch130,10:08:00
watch131,10:09:00
watch132,10:11:00
watch133,00:22:00
watch134,01:51:00
watch135,07:51:36
watch136,10:07:00
watch137,11:23:41
watch138,10:12:00
watch139,10:09:00
watch140,10:10:46
watch141,04:45:50
watch142,10:10:17
watch143,10:12:00
watch144,10:11:38
watch145,01:46:41
watch146,04:15:00
watch147,10:51:00
watch148,10:11:00
watch149,10:08:26
watch150,10:10:00
watch151,10:10:45
watch152,05:50:10
watch153,10:08:37
watch154,07:51:41
watch155,10:10:00
watch156,10:08:37
watch157,10:10:00
watch158,01:54:50
watch159,09:07:00
watch160,09:11:19
watch161,01:49:00
watch162,10:08:00
watch163,10:08:00
watch164,10:12:37
watch165,10:10:00
watch166,10:09:00
watch167,10:10:00
watch168,04:11:14
watch169,10:10:00
watch170,10:09:00
watch171,10:08:00
watch172,10:10:00
watch173,10:10:00
watch174,10:11:00
watch175,01:30:41
watch176,10:09:36
watch177,10:10:00
watch178,10:09:00
watch179,10:12:37
watch180,10:09:35
watch181,10:08:36
watch182,10:09:00
watch183,10:12:33
watch184,11:45:00
watch185,10:09:00
watch186,10:10:00
watch187,10:07:00
watch188,10:09:49
watch189,10:10:00
watch190,10:08:37
watch191,10:09:36
watch192,10:10:00
watch193,10:08:36
watch194,10:10:00
watch195,00:56:00
watch196,10:10:00
watch197,10:10:00
watch198,10:11:53
watch199,10:08:36
watch200,10:09:00
watch201,10:08:36
watch202,10:09:00
watch203,10:10:00
watch204,10:09:00
watch205,10:10:55
watch206,04:09:50
watch207,10:10:00
watch208,10:10:00
watch209,10:09:05
watch210,10:10:00
watch211,10:09:00
watch212,10:08:00
watch213,10:25:00
watch214,10:08:00
watch215,01:52:00
watch216,10:10:00
watch217,10:08:00
watch218,10:12:18
watch219,10:09:00
watch220,10:09:00
watch221,10:09:00
watch222,10:10:30
watch223,07:22:02
watch224,10:10:00
watch225,10:08:43
watch226,10:10:00
watch227,10:11:00
watch228,10:10:21
watch229,10:10:29
watch230,10:10:00
watch231,11:36:50
watch232,10:06:00
watch233,10:08:00
watch234,10:08:38
watch235,10:09:45
watch236,10:10:00
watch237,10:09:00
watch238,10:10:00
watch239,10:08:00
watch240,10:10:00
watch241,10:10:03
watch242,10:09:00
watch243,10:08:36
watch244,01:11:10
watch245,10:09:00
watch246,10:07:36
watch247,10:10:00
watch248,10:10:59
watch249,10:07:00
watch250,10:11:00
watch251,10:10:35
watch252,10:09:00
watch253,10:12:35
watch254,10:10:35
watch255,10:10:35
watch256,10:10:35
watch257,10:10:00
watch258,10:10:00
watch259,10:09:00
watch260,10:09:00
watch261,10:09:00
watch262,10:09:00
watch263,10:09:36
watch264,10:09:00
watch265,10:08:37
watch266,10:09:00
watch267,10:09:00
watch268,10:09:00
watch269,10:09:36
watch270,10:07:42
watch271,10:07:42
watch272,10:09:00
watch273,10:09:00
watch274,10:08:42
watch275,10:09:00
watch276,10:07:42
watch277,10:08:36
watch278,10:10:36
watch279,10:08:36
watch280,10:09:00
watch281,10:08:42
watch282,10:08:36
watch283,10:07:42
watch284,10:07:42
watch285,10:10:36
watch286,10:10:00
watch287,10:09:00
watch288,10:07:42
watch289,10:09:00
watch290,10:10:34
watch291,10:09:00
watch292,10:07:42
watch293,10:10:33
watch294,10:08:42
watch295,10:10:35
watch296,10:09:35
watch297,10:09:00
watch298,10:08:42
watch299,10:10:00
watch300,10:08:42
watch301,10:09:00
watch302,10:09:00
watch303,10:07:36
watch304,10:09:18
watch305,10:09:00
watch306,10:09:00
watch307,10:09:00
watch308,10:08:36
watch309,10:09:00
watch310,10:08:42
watch311,10:09:00
watch312,10:10:34
watch313,10:09:00
watch314,10:09:00
watch315,10:07:36
watch316,10:08:42
watch317,10:09:00
watch318,10:09:00
watch319,10:10:34
watch320,10:09:00
watch321,10:08:42
watch322,10:10:00
watch323,10:09:00
watch324,10:10:00
watch325,10:09:00
watch326,10:08:42
watch327,10:09:00
watch328,10:09:00
watch329,10:08:36
watch330,10:09:00
watch331,10:07:42
watch332,10:10:35
watch333,10:08:36
watch334,10:07:42
watch335,10:08:42
watch336,10:08:42
watch337,10:08:42
watch338,10:08:36
watch339,10:07:36
watch340,10:10:35
watch341,10:10:35
watch342,10:08:42
watch343,10:07:42
watch344,10:08:36
watch345,10:08:42
watch346,10:07:42
watch347,10:07:42
watch348,10:07:42
watch349,10:07:42
watch350,10:09:59
watch351,09:47:00
watch352,10:48:51
watch353,03:05:00
watch354,10:55:17
watch355,06:38:05
watch356,09:17:06
watch357,08:55:08
watch358,10:10:33
watch359,10:10:35
watch360,10:09:36
watch361,10:08:38
watch362,10:10:34
watch363,10:11:00
watch364,10:08:00
watch365,10:11:35
watch366,10:10:35
watch367,10:09:35
watch368,10:08:36
watch369,10:10:35
watch370,10:10:35
watch371,10:10:00
watch372,10:10:34
watch373,10:10:34
watch374,10:10:36
watch375,10:10:34
watch376,10:10:35
watch377,10:10:35
watch378,10:10:34
watch379,10:10:35
watch380,10:08:00
watch381,10:10:35
watch382,10:10:31
watch383,10:10:34
watch384,10:09:36
watch385,10:08:00
watch386,10:10:34
watch387,10:10:34
watch388,10:09:35
watch389,10:10:34
watch390,10:08:00
watch391,10:10:36
watch392,10:10:35
watch393,10:09:35
watch394,10:09:14
watch395,10:10:35
watch396,10:10:00
watch397,10:10:34
watch398,10:09:00
watch399,10:09:36
watch400,10:09:00
watch401,10:08:36
watch402,10:10:35
watch403,10:10:00
watch404,10:10:00
watch405,10:10:39
watch406,10:10:35
watch407,10:10:37
watch408,10:10:35
watch409,10:10:35
watch410,10:10:33
watch411,10:09:35
watch412,10:10:00
watch413,10:09:33
watch414,10:09:37
watch415,10:10:35
watch416,10:10:23
watch417,10:09:36
watch418,10:09:35
watch419,10:11:35
watch420,10:10:00
watch421,10:09:35
watch422,10:10:00
watch423,10:09:34
watch424,10:08:37
watch425,10:10:35
watch426,10:10:35
watch427,10:09:35
watch428,10:09:00
watch429,10:10:34
watch430,10:10:33
watch431,10:09:34
watch432,10:10:00
watch433,10:10:35
watch434,10:07:32
watch435,10:10:35
watch436,10:09:38
watch437,10:08:00
watch438,10:10:35
watch439,10:08:38
watch440,10:08:00
watch441,10:10:37
watch442,10:08:00
watch443,10:08:37
watch444,10:08:00
watch445,10:10:35
watch446,10:07:00
watch447,10:10:35
watch448,10:08:37
watch449,10:10:35
watch450,10:08:35
watch451,10:10:35
watch452,10:08:00
watch453,10:10:35
watch454,10:09:36
watch455,10:10:35
watch456,10:10:33
watch457,10:10:35
watch458,10:11:00
watch459,10:10:35
watch460,10:09:30
watch461,10:10:35
watch462,10:10:00
watch463,10:09:35
watch464,10:10:35
watch465,10:10:35
watch466,10:08:00
watch467,10:10:35
watch468,10:10:35
watch469,10:10:35
watch470,10:10:59
watch471,10:10:00
watch472,10:10:35
watch473,10:08:35
watch474,10:10:35
watch475,10:10:36
watch476,10:08:36
watch477,10:09:35
watch478,10:10:00
watch479,10:10:35
watch480,10:10:35
watch481,10:09:35
watch482,10:08:37
watch483,10:35:00
watch484,10:08:36
watch485,10:10:35
watch486,10:10:34
watch487,10:10:35
watch488,10:10:35
watch489,10:10:33
watch490,10:10:35
watch491,10:09:38
watch492,10:10:35
watch493,10:10:35
watch494,10:10:35
watch495,10:10:35
watch496,10:09:35
watch497,10:10:35
watch498,10:08:37
watch499,10:10:35
watch500,10:10:00
watch501,10:09:33
watch502,10:08:38
watch503,10:09:35
watch504,10:09:00
watch505,10:08:00
watch506,10:09:35
watch507,10:10:35
watch508,10:09:34
watch509,10:10:00
watch510,10:09:37
watch511,10:09:37
watch512,10:08:42
watch513,10:08:42
watch514,10:09:36
watch515,10:08:36
watch516,10:08:36
watch517,10:09:35
watch518,10:09:35
watch519,10:09:00
watch520,10:09:00
watch521,10:09:00
watch522,10:09:00
watch523,10:08:42
watch524,10:08:42
watch525,10:10:00
watch526,10:10:00
watch527,10:10:00
watch528,10:10:00
watch529,10:10:00
watch530,10:10:00
watch531,10:09:37
watch532,10:09:37
watch533,10:10:25
watch534,10:10:25
watch535,10:11:36
watch536,10:11:36
watch537,10:11:14
watch538,10:11:14
watch539,10:08:00
watch540,10:08:00
watch541,10:09:00
watch542,10:09:00
watch543,10:09:36
watch544,10:09:36
watch545,10:10:35
watch546,10:10:35
watch547,10:09:00
watch548,10:09:00
watch549,10:10:35
watch550,10:10:35
watch551,10:10:35
watch552,10:10:35
watch553,10:10:35
watch554,10:10:35
watch555,10:10:35
watch556,10:09:00
watch557,10:09:00
watch558,10:10:31
watch559,04:40:01