original_file_name,circle_xmin,circle_ymin,circle_xmax,circle_ymax,hours_xmin,hours_ymin,hours_xmax,hours_ymax,minutes_xmin,minutes_ymin,minutes_xmax,minutes_ymax,12_xmin,12_ymin,12_xmax,12_ymax,circle_predicted_xmin,circle_predicted_ymin,circle_predicted_xmax,circle_predicted_ymax,hours_predicted_xmin,hours_predicted_ymin,hours_predicted_xmax,hours_predicted_ymax,minutes_predicted_xmin,minutes_predicted_ymin,minutes_predicted_xmax,minutes_predicted_ymax,12_predicted_xmin,12_predicted_ymin,12_predicted_xmax,12_predicted_ymax
watch100_rotated_-270,0.473629,0.5,0.508439,0.514768,0.449367,0.537975,0.075949,0.109705,0.434599,0.434599,0.109705,0.147679,0.294304,0.50211,0.132911,0.029536,0.0,0.0,0.0,0.0,0.0,0.0,0.0,0.0,0.0,0.0,0.0,0.0,0.0,0.0,0.0,0.0
watch100_rotated_-90,0.526371,0.5,0.508439,0.514768,0.550633,0.462025,0.075949,0.109705,0.565401,0.565401,0.109705,0.147679,0.705696,0.49789,0.132911,0.029536,0.0,0.0,0.0,0.0,0.0,0.0,0.0,0.0,0.0,0.0,0.0,0.0,0.0,0.0,0.0,0.0
watch100_rotated_180,0.5,0.526371,0.514768,0.508439,0.537975,0.550633,0.109705,0.075949,0.434599,0.565401,0.147679,0.109705,0.50211,0.705696,0.029536,0.132911,0.0,0.0,0.0,0.0,0.0,0.0,0.0,0.0,0.0,0.0,0.0,0.0,0.0,0.0,0.0,0.0
watch10_rotated_-270,0.460625,0.51125,0.32625,0.3325,0.43125,0.53625,0.0575,0.0525,0.440625,0.4325,0.06375,0.1325,0.3375,0.45375,0.0375,0.0325,0.0,0.0,0.0,0.0,0.0,0.0,0.0,0.0,0.0,0.0,0.0,0.0,0.0,0.0,0.0,0.0
watch10_rotated_-90,0.539375,0.48875,0.32625,0.3325,0.56875,0.46375,0.0575,0.0525,0.559375,0.5675,0.06375,0.1325,0.6625,0.54625,0.0375,0.0325,0.0,0.0,0.0,0.0,0.0,0.0,0.0,0.0,0.0,0.0,0.0,0.0,0.0,0.0,0.0,0.0
watch10_rotated_180,0.51125,0.539375,0.3325,0.32625,0.53625,0.56875,0.0525,0.0575,0.4325,0.559375,0.1325,0.06375,0.45375,0.6625,0.0325,0.0375,0.0,0.0,0.0,0.0,0.0,0.0,0.0,0.0,0.0,0.0,0.0,0.0,0.0,0.0,0.0,0.0
watch11_rotated_-270,0.494156,0.492208,0.398701,0.397403,0.455844,0.553247,0.077922,0.101299,0.442208,0.405195,0.08961,0.145455,0.335714,0.491558,0.058442,0.048052,0.0,0.0,0.0,0.0,0.0,0.0,0.0,0.0,0.0,0.0,0.0,0.0,0.0,0.0,0.0,0.0
watch11_rotated_-90,0.505844,0.507792,0.398701,0.397403,0.544156,0.446753,0.077922,0.101299,0.557792,0.594805,0.08961,0.145455,0.664286,0.508442,0.058442,0.048052,0.0,0.0,0.0,0.0,0.0,0.0,0.0,0.0,0.0,0.0,0.0,0.0,0.0,0.0,0.0,0.0
watch11_rotated_180,0.492208,0.505844,0.397403,0.398701,0.553247,0.544156,0.101299,0.077922,0.405195,0.557792,0.145455,0.08961,0.491558,0.664286,0.048052,0.058442,0.0,0.0,0.0,0.0,0.0,0.0,0.0,0.0,0.0,0.0,0.0,0.0,0.0,0.0,0.0,0.0
watch12_rotated_-270,0.499375,0.499167,0.44875,0.608333,0.46,0.574167,0.08,0.125,0.445,0.398333,0.1175,0.153333,0.32375,0.5,0.06,0.063333,0.0,0.0,0.0,0.0,0.0,0.0,0.0,0.0,0.0,0.0,0.0,0.0,0.0,0.0,0.0,0.0
watch12_rotated_-90,0.500625,0.500833,0.44875,0.608333,0.54,0.425833,0.08,0.125,0.555,0.601667,0.1175,0.153333,0.67625,0.5,0.06,0.063333,0.0,0.0,0.0,0.0,0.0,0.0,0.0,0.0,0.0,0.0,0.0,0.0,0.0,0.0,0.0,0.0
watch12_rotated_180,0.499167,0.500625,0.608333,0.44875,0.574167,0.54,0.125,0.08,0.398333,0.555,0.153333,0.1175,0.5,0.67625,0.063333,0.06,0.0,0.0,0.0,0.0,0.0,0.0,0.0,0.0,0.0,0.0,0.0,0.0,0.0,0.0,0.0,0.0
watch13_rotated_-270,0.486333,0.516787,0.471526,0.491607,0.454442,0.57554,0.079727,0.100719,0.431663,0.441247,0.107062,0.1247,0.309795,0.513189,0.08656,0.057554,0.0,0.0,0.0,0.0,0.0,0.0,0.0,0.0,0.0,0.0,0.0,0.0,0.0,0.0,0.0,0.0
watch13_rotated_-90,0.513667,0.483213,0.471526,0.491607,0.545558,0.42446,0.079727,0.100719,0.568337,0.558753,0.107062,0.1247,0.690205,0.486811,0.08656,0.057554,0.0,0.0,0.0,0.0,0.0,0.0,0.0,0.0,0.0,0.0,0.0,0.0,0.0,0.0,0.0,0.0
watch13_rotated_180,0.516787,0.513667,0.491607,0.471526,0.57554,0.545558,0.100719,0.079727,0.441247,0.568337,0.1247,0.107062,0.513189,0.690205,0.057554,0.08656,0.0,0.0,0.0,0.0,0.0,0.0,0.0,0.0,0.0,0.0,0.0,0.0,0.0,0.0,0.0,0.0
watch14_rotated_-270,0.505833,0.495,0.355,0.386667,0.4625,0.549167,0.071667,0.088333,0.446667,0.4225,0.11,0.121667,0.3575,0.496667,0.061667,0.053333,0.0,0.0,0.0,0.0,0.0,0.0,0.0,0.0,0.0,0.0,0.0,0.0,0.0,0.0,0.0,0.0
watch14_rotated_-90,0.494167,0.505,0.355,0.386667,0.5375,0.450833,0.071667,0.088333,0.553333,0.5775,0.11,0.121667,0.6425,0.503333,0.061667,0.053333,0.0,0.0,0.0,0.0,0.0,0.0,0.0,0.0,0.0,0.0,0.0,0.0,0.0,0.0,0.0,0.0
watch14_rotated_180,0.495,0.494167,0.386667,0.355,0.549167,0.5375,0.088333,0.071667,0.4225,0.553333,0.121667,0.11,0.496667,0.6425,0.053333,0.061667,0.0,0.0,0.0,0.0,0.0,0.0,0.0,0.0,0.0,0.0,0.0,0.0,0.0,0.0,0.0,0.0
watch154,0.464135,0.435654,0.324895,0.331224,0.433544,0.451477,0.065401,0.050633,0.417722,0.401899,0.088608,0.061181,0.462025,0.32384,0.050633,0.048523,0.0,0.0,0.0,0.0,0.0,0.0,0.0,0.0,0.0,0.0,0.0,0.0,0.0,0.0,0.0,0.0
watch155,0.484177,0.424051,0.470464,0.464135,0.447257,0.399789,0.080169,0.061181,0.545359,0.39346,0.120253,0.07384,0.485232,0.300633,0.059072,0.061181,0.0,0.0,0.0,0.0,0.0,0.0,0.0,0.0,0.0,0.0,0.0,0.0,0.0,0.0,0.0,0.0
watch156,0.49789,0.434599,0.493671,0.481013,0.449367,0.408228,0.097046,0.06962,0.561181,0.382911,0.135021,0.120253,0.495781,0.278481,0.042194,0.042194,0.0,0.0,0.0,0.0,0.0,0.0,0.0,0.0,0.0,0.0,0.0,0.0,0.0,0.0,0.0,0.0
watch157,0.498945,0.46097,0.546414,0.533755,0.447257,0.420886,0.109705,0.07384,0.572785,0.411392,0.158228,0.097046,0.496835,0.300633,0.048523,0.056962,0.0,0.0,0.0,0.0,0.0,0.0,0.0,0.0,0.0,0.0,0.0,0.0,0.0,0.0,0.0,0.0
watch158,0.513713,0.474684,0.318565,0.312236,0.542194,0.453586,0.063291,0.054852,0.464135,0.439873,0.101266,0.07384,0.514768,0.362869,0.037975,0.046414,0.0,0.0,0.0,0.0,0.0,0.0,0.0,0.0,0.0,0.0,0.0,0.0,0.0,0.0,0.0,0.0
watch159,0.484177,0.5,0.685654,0.63745,0.0,0.0,0.0,0.0,0.0,0.0,0.0,0.0,0.486287,0.291833,0.06962,0.081673,0.0,0.0,0.0,0.0,0.0,0.0,0.0,0.0,0.0,0.0,0.0,0.0,0.0,0.0,0.0,0.0
watch15_rotated_-270,0.503413,0.5,0.846416,0.816993,0.441126,0.602124,0.127986,0.194444,0.418942,0.366013,0.168942,0.248366,0.176621,0.500817,0.138225,0.106209,0.0,0.0,0.0,0.0,0.0,0.0,0.0,0.0,0.0,0.0,0.0,0.0,0.0,0.0,0.0,0.0
watch15_rotated_-90,0.496587,0.5,0.846416,0.816993,0.558874,0.397876,0.127986,0.194444,0.581058,0.633987,0.168942,0.248366,0.823379,0.499183,0.138225,0.106209,0.0,0.0,0.0,0.0,0.0,0.0,0.0,0.0,0.0,0.0,0.0,0.0,0.0,0.0,0.0,0.0
watch15_rotated_180,0.5,0.496587,0.816993,0.846416,0.602124,0.558874,0.194444,0.127986,0.366013,0.581058,0.248366,0.168942,0.500817,0.823379,0.106209,0.138225,0.0,0.0,0.0,0.0,0.0,0.0,0.0,0.0,0.0,0.0,0.0,0.0,0.0,0.0,0.0,0.0
watch160,0.49789,0.444712,0.459916,0.509615,0.46519,0.414663,0.061181,0.064904,0.583333,0.453125,0.196203,0.03125,0.553797,0.290865,0.056962,0.096154,0.0,0.0,0.0,0.0,0.0,0.0,0.0,0.0,0.0,0.0,0.0,0.0,0.0,0.0,0.0,0.0
watch161,0.518987,0.444093,0.345992,0.343882,0.558017,0.416667,0.094937,0.065401,0.452532,0.416667,0.132911,0.061181,0.517932,0.306962,0.044304,0.061181,0.0,0.0,0.0,0.0,0.0,0.0,0.0,0.0,0.0,0.0,0.0,0.0,0.0,0.0,0.0,0.0
watch162,0.495781,0.38,0.485232,0.394286,0.445148,0.348571,0.109705,0.068571,0.572785,0.322857,0.158228,0.11619,0.0,0.0,0.0,0.0,0.0,0.0,0.0,0.0,0.0,0.0,0.0,0.0,0.0,0.0,0.0,0.0,0.0,0.0,0.0,0.0
watch163,0.503165,0.429325,0.411392,0.398734,0.457806,0.400844,0.092827,0.063291,0.564346,0.374473,0.120253,0.116034,0.5,0.2827,0.037975,0.075949,0.0,0.0,0.0,0.0,0.0,0.0,0.0,0.0,0.0,0.0,0.0,0.0,0.0,0.0,0.0,0.0
watch164,0.487342,0.470464,0.405063,0.400844,0.439873,0.434599,0.099156,0.07173,0.555907,0.447257,0.154008,0.063291,0.0,0.0,0.0,0.0,0.0,0.0,0.0,0.0,0.0,0.0,0.0,0.0,0.0,0.0,0.0,0.0,0.0,0.0,0.0,0.0
watch165,0.482068,0.435654,0.415612,0.411392,0.432489,0.402954,0.097046,0.075949,0.552743,0.392405,0.156118,0.092827,0.0,0.0,0.0,0.0,0.0,0.0,0.0,0.0,0.0,0.0,0.0,0.0,0.0,0.0,0.0,0.0,0.0,0.0,0.0,0.0
watch166,0.482068,0.447257,0.457806,0.468354,0.43038,0.411392,0.097046,0.075949,0.550633,0.394515,0.147679,0.105485,0.482068,0.280591,0.027426,0.067511,0.0,0.0,0.0,0.0,0.0,0.0,0.0,0.0,0.0,0.0,0.0,0.0,0.0,0.0,0.0,0.0
watch167,0.484177,0.452532,0.449367,0.462025,0.475738,0.487342,0.023207,0.084388,0.431435,0.416667,0.107595,0.07384,0.481013,0.28903,0.033755,0.046414,0.0,0.0,0.0,0.0,0.0,0.0,0.0,0.0,0.0,0.0,0.0,0.0,0.0,0.0,0.0,0.0
watch168,0.0,0.0,0.0,0.0,0.546414,0.526316,0.109705,0.017544,0.546414,0.470175,0.101266,0.112281,0.0,0.0,0.0,0.0,0.0,0.0,0.0,0.0,0.0,0.0,0.0,0.0,0.0,0.0,0.0,0.0,0.0,0.0,0.0,0.0
watch169,0.46519,0.470464,0.508439,0.514768,0.419831,0.438819,0.088608,0.075949,0.537975,0.411392,0.160338,0.130802,0.0,0.0,0.0,0.0,0.0,0.0,0.0,0.0,0.0,0.0,0.0,0.0,0.0,0.0,0.0,0.0,0.0,0.0,0.0,0.0
watch16_rotated_-270,0.507386,0.505385,0.412112,0.426154,0.476366,0.561538,0.063516,0.086154,0.454948,0.439231,0.106352,0.106154,0.359675,0.506154,0.081241,0.052308,0.0,0.0,0.0,0.0,0.0,0.0,0.0,0.0,0.0,0.0,0.0,0.0,0.0,0.0,0.0,0.0
watch16_rotated_-90,0.492614,0.494615,0.412112,0.426154,0.523634,0.438462,0.063516,0.086154,0.545052,0.560769,0.106352,0.106154,0.640325,0.493846,0.081241,0.052308,0.0,0.0,0.0,0.0,0.0,0.0,0.0,0.0,0.0,0.0,0.0,0.0,0.0,0.0,0.0,0.0
watch16_rotated_180,0.505385,0.492614,0.426154,0.412112,0.561538,0.523634,0.086154,0.063516,0.439231,0.545052,0.106154,0.106352,0.506154,0.640325,0.052308,0.081241,0.0,0.0,0.0,0.0,0.0,0.0,0.0,0.0,0.0,0.0,0.0,0.0,0.0,0.0,0.0,0.0
watch170,0.488397,0.418776,0.343882,0.348101,0.456751,0.39346,0.06962,0.052743,0.540084,0.385021,0.105485,0.078059,0.0,0.0,0.0,0.0,0.0,0.0,0.0,0.0,0.0,0.0,0.0,0.0,0.0,0.0,0.0,0.0,0.0,0.0,0.0,0.0
watch171,0.474684,0.414557,0.481013,0.478903,0.437764,0.39557,0.090717,0.078059,0.548523,0.357595,0.164557,0.128692,0.483122,0.275316,0.063291,0.128692,0.0,0.0,0.0,0.0,0.0,0.0,0.0,0.0,0.0,0.0,0.0,0.0,0.0,0.0,0.0,0.0
watch172,0.451477,0.450422,0.198312,0.297468,0.427215,0.432489,0.048523,0.046414,0.474684,0.416667,0.07173,0.082278,0.0,0.0,0.0,0.0,0.0,0.0,0.0,0.0,0.0,0.0,0.0,0.0,0.0,0.0,0.0,0.0,0.0,0.0,0.0,0.0
watch173,0.482068,0.46097,0.474684,0.462025,0.42827,0.436709,0.097046,0.07173,0.546414,0.419831,0.14346,0.101266,0.474684,0.295359,0.050633,0.054852,0.0,0.0,0.0,0.0,0.0,0.0,0.0,0.0,0.0,0.0,0.0,0.0,0.0,0.0,0.0,0.0
watch17_rotated_-270,0.510324,0.530469,0.342183,0.370312,0.481563,0.58125,0.063422,0.084375,0.474189,0.466406,0.075221,0.129688,0.376844,0.535156,0.048673,0.045312,0.0,0.0,0.0,0.0,0.0,0.0,0.0,0.0,0.0,0.0,0.0,0.0,0.0,0.0,0.0,0.0
watch17_rotated_-90,0.489676,0.469531,0.342183,0.370312,0.518437,0.41875,0.063422,0.084375,0.525811,0.533594,0.075221,0.129688,0.623156,0.464844,0.048673,0.045312,0.0,0.0,0.0,0.0,0.0,0.0,0.0,0.0,0.0,0.0,0.0,0.0,0.0,0.0,0.0,0.0
watch17_rotated_180,0.530469,0.489676,0.370312,0.342183,0.58125,0.518437,0.084375,0.063422,0.466406,0.525811,0.129688,0.075221,0.535156,0.623156,0.045312,0.048673,0.0,0.0,0.0,0.0,0.0,0.0,0.0,0.0,0.0,0.0,0.0,0.0,0.0,0.0,0.0,0.0
watch18_rotated_-270,0.486823,0.511799,0.499268,0.501475,0.431186,0.592183,0.089312,0.128319,0.415081,0.408555,0.127379,0.176991,0.286237,0.509587,0.068814,0.063422,0.0,0.0,0.0,0.0,0.0,0.0,0.0,0.0,0.0,0.0,0.0,0.0,0.0,0.0,0.0,0.0
watch18_rotated_-90,0.513177,0.488201,0.499268,0.501475,0.568814,0.407817,0.089312,0.128319,0.584919,0.591445,0.127379,0.176991,0.713763,0.490413,0.068814,0.063422,0.0,0.0,0.0,0.0,0.0,0.0,0.0,0.0,0.0,0.0,0.0,0.0,0.0,0.0,0.0,0.0
watch18_rotated_180,0.511799,0.513177,0.501475,0.499268,0.592183,0.568814,0.128319,0.089312,0.408555,0.584919,0.176991,0.127379,0.509587,0.713763,0.063422,0.068814,0.0,0.0,0.0,0.0,0.0,0.0,0.0,0.0,0.0,0.0,0.0,0.0,0.0,0.0,0.0,0.0
watch19_rotated_-270,0.496263,0.511029,0.424514,0.419118,0.456652,0.572059,0.073244,0.094118,0.426756,0.433824,0.112108,0.132353,0.331091,0.514706,0.088191,0.058824,0.0,0.0,0.0,0.0,0.0,0.0,0.0,0.0,0.0,0.0,0.0,0.0,0.0,0.0,0.0,0.0
watch19_rotated_-90,0.503737,0.488971,0.424514,0.419118,0.543348,0.427941,0.073244,0.094118,0.573244,0.566176,0.112108,0.132353,0.668909,0.485294,0.088191,0.058824,0.0,0.0,0.0,0.0,0.0,0.0,0.0,0.0,0.0,0.0,0.0,0.0,0.0,0.0,0.0,0.0
watch19_rotated_180,0.511029,0.503737,0.419118,0.424514,0.572059,0.543348,0.094118,0.073244,0.433824,0.573244,0.132353,0.112108,0.514706,0.668909,0.058824,0.088191,0.0,0.0,0.0,0.0,0.0,0.0,0.0,0.0,0.0,0.0,0.0,0.0,0.0,0.0,0.0,0.0
watch1_rotated_-270,0.499377,0.504359,0.879203,0.879203,0.429016,0.612702,0.135741,0.199253,0.412827,0.341843,0.163138,0.295143,0.162516,0.498755,0.108344,0.120797,0.0,0.0,0.0,0.0,0.0,0.0,0.0,0.0,0.0,0.0,0.0,0.0,0.0,0.0,0.0,0.0
watch1_rotated_-90,0.500623,0.495641,0.879203,0.879203,0.570984,0.387298,0.135741,0.199253,0.587173,0.658157,0.163138,0.295143,0.837484,0.501245,0.108344,0.120797,0.0,0.0,0.0,0.0,0.0,0.0,0.0,0.0,0.0,0.0,0.0,0.0,0.0,0.0,0.0,0.0
watch1_rotated_180,0.504359,0.500623,0.879203,0.879203,0.612702,0.570984,0.199253,0.135741,0.341843,0.587173,0.295143,0.163138,0.498755,0.837484,0.120797,0.108344,0.0,0.0,0.0,0.0,0.0,0.0,0.0,0.0,0.0,0.0,0.0,0.0,0.0,0.0,0.0,0.0
watch20_rotated_-270,0.457416,0.499259,0.38326,0.385185,0.423642,0.54963,0.054332,0.08,0.39721,0.425926,0.089574,0.111111,0.306902,0.495556,0.052863,0.04,0.0,0.0,0.0,0.0,0.0,0.0,0.0,0.0,0.0,0.0,0.0,0.0,0.0,0.0,0.0,0.0
watch20_rotated_-90,0.542584,0.500741,0.38326,0.385185,0.576358,0.45037,0.054332,0.08,0.60279,0.574074,0.089574,0.111111,0.693098,0.504444,0.052863,0.04,0.0,0.0,0.0,0.0,0.0,0.0,0.0,0.0,0.0,0.0,0.0,0.0,0.0,0.0,0.0,0.0
watch20_rotated_180,0.499259,0.542584,0.385185,0.38326,0.54963,0.576358,0.08,0.054332,0.425926,0.60279,0.111111,0.089574,0.495556,0.693098,0.04,0.052863,0.0,0.0,0.0,0.0,0.0,0.0,0.0,0.0,0.0,0.0,0.0,0.0,0.0,0.0,0.0,0.0
watch21_rotated_-270,0.477105,0.516987,0.342688,0.348597,0.452733,0.558346,0.057607,0.082718,0.429099,0.45938,0.087149,0.100443,0.338996,0.517725,0.042836,0.057607,0.0,0.0,0.0,0.0,0.0,0.0,0.0,0.0,0.0,0.0,0.0,0.0,0.0,0.0,0.0,0.0
watch21_rotated_-90,0.522895,0.483013,0.342688,0.348597,0.547267,0.441654,0.057607,0.082718,0.570901,0.54062,0.087149,0.100443,0.661004,0.482275,0.042836,0.057607,0.0,0.0,0.0,0.0,0.0,0.0,0.0,0.0,0.0,0.0,0.0,0.0,0.0,0.0,0.0,0.0
watch21_rotated_180,0.516987,0.522895,0.348597,0.342688,0.558346,0.547267,0.082718,0.057607,0.45938,0.570901,0.100443,0.087149,0.517725,0.661004,0.057607,0.042836,0.0,0.0,0.0,0.0,0.0,0.0,0.0,0.0,0.0,0.0,0.0,0.0,0.0,0.0,0.0,0.0
watch22_rotated_-270,0.485229,0.518464,0.480059,0.487445,0.4387,0.586411,0.082718,0.115214,0.417282,0.429838,0.116691,0.153619,0.300591,0.518464,0.048744,0.05613,0.0,0.0,0.0,0.0,0.0,0.0,0.0,0.0,0.0,0.0,0.0,0.0,0.0,0.0,0.0,0.0
watch22_rotated_-90,0.514771,0.481536,0.480059,0.487445,0.5613,0.413589,0.082718,0.115214,0.582718,0.570162,0.116691,0.153619,0.699409,0.481536,0.048744,0.05613,0.0,0.0,0.0,0.0,0.0,0.0,0.0,0.0,0.0,0.0,0.0,0.0,0.0,0.0,0.0,0.0
watch22_rotated_180,0.518464,0.514771,0.487445,0.480059,0.586411,0.5613,0.115214,0.082718,0.429838,0.582718,0.153619,0.116691,0.518464,0.699409,0.05613,0.048744,0.0,0.0,0.0,0.0,0.0,0.0,0.0,0.0,0.0,0.0,0.0,0.0,0.0,0.0,0.0,0.0
watch236,0.42616,0.47007,0.649789,0.56338,0.352321,0.40493,0.097046,0.102113,0.565401,0.43662,0.261603,0.080986,0.477848,0.263204,0.082278,0.114437,0.0,0.0,0.0,0.0,0.0,0.0,0.0,0.0,0.0,0.0,0.0,0.0,0.0,0.0,0.0,0.0
watch237,0.479958,0.441983,0.390295,0.386076,0.429325,0.405063,0.090717,0.067511,0.558017,0.394515,0.137131,0.105485,0.481013,0.301688,0.050633,0.080169,0.0,0.0,0.0,0.0,0.0,0.0,0.0,0.0,0.0,0.0,0.0,0.0,0.0,0.0,0.0,0.0
watch238,0.347046,0.309072,0.478903,0.415612,0.366034,0.273207,0.018987,0.086498,0.447257,0.310127,0.168776,0.042194,0.517932,0.182489,0.082278,0.094937,0.0,0.0,0.0,0.0,0.0,0.0,0.0,0.0,0.0,0.0,0.0,0.0,0.0,0.0,0.0,0.0
watch239,0.441983,0.483784,0.656118,0.578378,0.367089,0.428829,0.130802,0.093694,0.559072,0.408108,0.21519,0.16036,0.462025,0.244144,0.075949,0.084685,0.0,0.0,0.0,0.0,0.0,0.0,0.0,0.0,0.0,0.0,0.0,0.0,0.0,0.0,0.0,0.0
watch23_rotated_-270,0.508088,0.522189,0.445588,0.449704,0.475,0.576183,0.067647,0.096154,0.436029,0.447485,0.125,0.134615,0.338971,0.523669,0.075,0.06213,0.0,0.0,0.0,0.0,0.0,0.0,0.0,0.0,0.0,0.0,0.0,0.0,0.0,0.0,0.0,0.0
watch23_rotated_-90,0.491912,0.477811,0.445588,0.449704,0.525,0.423817,0.067647,0.096154,0.563971,0.552515,0.125,0.134615,0.661029,0.476331,0.075,0.06213,0.0,0.0,0.0,0.0,0.0,0.0,0.0,0.0,0.0,0.0,0.0,0.0,0.0,0.0,0.0,0.0
watch23_rotated_180,0.522189,0.491912,0.449704,0.445588,0.576183,0.525,0.096154,0.067647,0.447485,0.563971,0.134615,0.125,0.523669,0.661029,0.06213,0.075,0.0,0.0,0.0,0.0,0.0,0.0,0.0,0.0,0.0,0.0,0.0,0.0,0.0,0.0,0.0,0.0
watch240,0.537975,0.42623,0.413502,0.35337,0.471519,0.419854,0.116034,0.030965,0.590717,0.367031,0.088608,0.118397,0.458861,0.311475,0.056962,0.047359,0.0,0.0,0.0,0.0,0.0,0.0,0.0,0.0,0.0,0.0,0.0,0.0,0.0,0.0,0.0,0.0
watch241,0.469409,0.454641,0.280591,0.310127,0.443038,0.431435,0.050633,0.044304,0.522152,0.425105,0.078059,0.056962,0.478903,0.316456,0.042194,0.033755,0.0,0.0,0.0,0.0,0.0,0.0,0.0,0.0,0.0,0.0,0.0,0.0,0.0,0.0,0.0,0.0
watch242,0.477848,0.468354,0.419831,0.43038,0.418776,0.422996,0.099156,0.06962,0.560127,0.407173,0.149789,0.118143,0.484177,0.271097,0.040084,0.031646,0.0,0.0,0.0,0.0,0.0,0.0,0.0,0.0,0.0,0.0,0.0,0.0,0.0,0.0,0.0,0.0
watch243,0.501055,0.503165,0.470464,0.466245,0.434599,0.455696,0.109705,0.080169,0.587553,0.422996,0.149789,0.154008,0.503165,0.303797,0.061181,0.07173,0.0,0.0,0.0,0.0,0.0,0.0,0.0,0.0,0.0,0.0,0.0,0.0,0.0,0.0,0.0,0.0
watch244,0.445148,0.495772,0.333333,0.336152,0.484177,0.447146,0.052743,0.078224,0.528481,0.459831,0.124473,0.061311,0.448312,0.366808,0.044304,0.069767,0.0,0.0,0.0,0.0,0.0,0.0,0.0,0.0,0.0,0.0,0.0,0.0,0.0,0.0,0.0,0.0
watch245,0.487342,0.438819,0.447257,0.455696,0.435654,0.398734,0.090717,0.07173,0.561181,0.382911,0.130802,0.103376,0.484177,0.263713,0.031646,0.075949,0.0,0.0,0.0,0.0,0.0,0.0,0.0,0.0,0.0,0.0,0.0,0.0,0.0,0.0,0.0,0.0
watch246,0.482068,0.471519,0.432489,0.432489,0.429325,0.436709,0.094937,0.063291,0.547468,0.411392,0.116034,0.118143,0.483122,0.327004,0.063291,0.075949,0.0,0.0,0.0,0.0,0.0,0.0,0.0,0.0,0.0,0.0,0.0,0.0,0.0,0.0,0.0,0.0
watch247,0.457806,0.505274,0.481013,0.5,0.405063,0.458861,0.101266,0.082278,0.566456,0.455696,0.187764,0.109705,0.46519,0.293249,0.044304,0.067511,0.0,0.0,0.0,0.0,0.0,0.0,0.0,0.0,0.0,0.0,0.0,0.0,0.0,0.0,0.0,0.0
watch248,0.459916,0.453586,0.232068,0.227848,0.429325,0.433544,0.048523,0.035865,0.508439,0.422996,0.07173,0.056962,0.46097,0.35654,0.031646,0.029536,0.0,0.0,0.0,0.0,0.0,0.0,0.0,0.0,0.0,0.0,0.0,0.0,0.0,0.0,0.0,0.0
watch249,0.526371,0.485428,0.424051,0.351548,0.466245,0.479964,0.075949,0.01275,0.548523,0.423497,0.046414,0.103825,0.46308,0.375228,0.052743,0.065574,0.0,0.0,0.0,0.0,0.0,0.0,0.0,0.0,0.0,0.0,0.0,0.0,0.0,0.0,0.0,0.0
watch24_rotated_-270,0.501,0.503,0.526,0.522,0.452,0.567,0.088,0.138,0.438,0.399,0.112,0.166,0.293,0.491,0.074,0.074,0.0,0.0,0.0,0.0,0.0,0.0,0.0,0.0,0.0,0.0,0.0,0.0,0.0,0.0,0.0,0.0
watch24_rotated_-90,0.499,0.497,0.526,0.522,0.548,0.433,0.088,0.138,0.562,0.601,0.112,0.166,0.707,0.509,0.074,0.074,0.0,0.0,0.0,0.0,0.0,0.0,0.0,0.0,0.0,0.0,0.0,0.0,0.0,0.0,0.0,0.0
watch24_rotated_180,0.503,0.499,0.522,0.526,0.567,0.548,0.138,0.088,0.399,0.562,0.166,0.112,0.491,0.707,0.074,0.074,0.0,0.0,0.0,0.0,0.0,0.0,0.0,0.0,0.0,0.0,0.0,0.0,0.0,0.0,0.0,0.0
watch250,0.433544,0.570128,0.462025,0.371585,0.374473,0.578324,0.086498,0.016393,0.473629,0.503643,0.061181,0.114754,0.330169,0.472678,0.07384,0.060109,0.0,0.0,0.0,0.0,0.0,0.0,0.0,0.0,0.0,0.0,0.0,0.0,0.0,0.0,0.0,0.0
watch25_rotated_-270,0.494266,0.520679,0.34633,0.225997,0.494266,0.483752,0.020642,0.060561,0.449541,0.559084,0.091743,0.072378,0.360092,0.519202,0.041284,0.022157,0.0,0.0,0.0,0.0,0.0,0.0,0.0,0.0,0.0,0.0,0.0,0.0,0.0,0.0,0.0,0.0
watch25_rotated_-90,0.505734,0.479321,0.34633,0.225997,0.505734,0.516248,0.020642,0.060561,0.550459,0.440916,0.091743,0.072378,0.639908,0.480798,0.041284,0.022157,0.0,0.0,0.0,0.0,0.0,0.0,0.0,0.0,0.0,0.0,0.0,0.0,0.0,0.0,0.0,0.0
watch25_rotated_180,0.520679,0.505734,0.225997,0.34633,0.483752,0.505734,0.060561,0.020642,0.559084,0.550459,0.072378,0.091743,0.519202,0.639908,0.022157,0.041284,0.0,0.0,0.0,0.0,0.0,0.0,0.0,0.0,0.0,0.0,0.0,0.0,0.0,0.0,0.0,0.0
watch26_rotated_-270,0.445559,0.515278,0.407832,0.402778,0.41213,0.564352,0.063992,0.086111,0.385387,0.435648,0.113658,0.126852,0.270296,0.514815,0.045845,0.053704,0.0,0.0,0.0,0.0,0.0,0.0,0.0,0.0,0.0,0.0,0.0,0.0,0.0,0.0,0.0,0.0
watch26_rotated_-90,0.554441,0.484722,0.407832,0.402778,0.58787,0.435648,0.063992,0.086111,0.614613,0.564352,0.113658,0.126852,0.729704,0.485185,0.045845,0.053704,0.0,0.0,0.0,0.0,0.0,0.0,0.0,0.0,0.0,0.0,0.0,0.0,0.0,0.0,0.0,0.0
watch26_rotated_180,0.515278,0.554441,0.402778,0.407832,0.564352,0.58787,0.086111,0.063992,0.435648,0.614613,0.126852,0.113658,0.514815,0.729704,0.053704,0.045845,0.0,0.0,0.0,0.0,0.0,0.0,0.0,0.0,0.0,0.0,0.0,0.0,0.0,0.0,0.0,0.0
watch27_rotated_-270,0.427215,0.474684,0.305907,0.531646,0.376582,0.486287,0.099156,0.065401,0.419831,0.339662,0.033755,0.223629,0.339662,0.324895,0.054852,0.063291,0.0,0.0,0.0,0.0,0.0,0.0,0.0,0.0,0.0,0.0,0.0,0.0,0.0,0.0,0.0,0.0
watch27_rotated_-90,0.572785,0.525316,0.305907,0.531646,0.623418,0.513713,0.099156,0.065401,0.580169,0.660338,0.033755,0.223629,0.660338,0.675105,0.054852,0.063291,0.0,0.0,0.0,0.0,0.0,0.0,0.0,0.0,0.0,0.0,0.0,0.0,0.0,0.0,0.0,0.0
watch27_rotated_180,0.474684,0.572785,0.531646,0.305907,0.486287,0.623418,0.065401,0.099156,0.339662,0.580169,0.223629,0.033755,0.324895,0.660338,0.063291,0.054852,0.0,0.0,0.0,0.0,0.0,0.0,0.0,0.0,0.0,0.0,0.0,0.0,0.0,0.0,0.0,0.0
watch28_rotated_-270,0.435811,0.521097,0.402027,0.540084,0.428209,0.620253,0.04223,0.147679,0.345439,0.488397,0.153716,0.06962,0.296453,0.605485,0.055743,0.080169,0.0,0.0,0.0,0.0,0.0,0.0,0.0,0.0,0.0,0.0,0.0,0.0,0.0,0.0,0.0,0.0
watch28_rotated_-90,0.564189,0.478903,0.402027,0.540084,0.571791,0.379747,0.04223,0.147679,0.654561,0.511603,0.153716,0.06962,0.703547,0.394515,0.055743,0.080169,0.0,0.0,0.0,0.0,0.0,0.0,0.0,0.0,0.0,0.0,0.0,0.0,0.0,0.0,0.0,0.0
watch28_rotated_180,0.521097,0.564189,0.540084,0.402027,0.620253,0.571791,0.147679,0.04223,0.488397,0.654561,0.06962,0.153716,0.605485,0.703547,0.080169,0.055743,0.0,0.0,0.0,0.0,0.0,0.0,0.0,0.0,0.0,0.0,0.0,0.0,0.0,0.0,0.0,0.0
watch29_rotated_-270,0.451477,0.555907,0.345992,0.305907,0.415612,0.595992,0.054852,0.065401,0.416667,0.486287,0.06962,0.120253,0.312236,0.545359,0.046414,0.023207,0.0,0.0,0.0,0.0,0.0,0.0,0.0,0.0,0.0,0.0,0.0,0.0,0.0,0.0,0.0,0.0
watch29_rotated_-90,0.548523,0.444093,0.345992,0.305907,0.584388,0.404008,0.054852,0.065401,0.583333,0.513713,0.06962,0.120253,0.687764,0.454641,0.046414,0.023207,0.0,0.0,0.0,0.0,0.0,0.0,0.0,0.0,0.0,0.0,0.0,0.0,0.0,0.0,0.0,0.0
watch29_rotated_180,0.555907,0.548523,0.305907,0.345992,0.595992,0.584388,0.065401,0.054852,0.486287,0.583333,0.120253,0.06962,0.545359,0.687764,0.023207,0.046414,0.0,0.0,0.0,0.0,0.0,0.0,0.0,0.0,0.0,0.0,0.0,0.0,0.0,0.0,0.0,0.0
watch2_rotated_-270,0.471366,0.506757,0.854626,0.887387,0.328194,0.56982,0.268722,0.112613,0.480176,0.328829,0.035242,0.324324,0.096916,0.506757,0.061674,0.04955,0.0,0.0,0.0,0.0,0.0,0.0,0.0,0.0,0.0,0.0,0.0,0.0,0.0,0.0,0.0,0.0
watch2_rotated_-90,0.528634,0.493243,0.854626,0.887387,0.671806,0.43018,0.268722,0.112613,0.519824,0.671171,0.035242,0.324324,0.903084,0.493243,0.061674,0.04955,0.0,0.0,0.0,0.0,0.0,0.0,0.0,0.0,0.0,0.0,0.0,0.0,0.0,0.0,0.0,0.0
watch2_rotated_180,0.506757,0.528634,0.887387,0.854626,0.56982,0.671806,0.112613,0.268722,0.328829,0.519824,0.324324,0.035242,0.506757,0.903084,0.04955,0.061674,0.0,0.0,0.0,0.0,0.0,0.0,0.0,0.0,0.0,0.0,0.0,0.0,0.0,0.0,0.0,0.0
watch30_rotated_-270,0.420886,0.581224,0.508439,0.546414,0.340717,0.60654,0.094937,0.065401,0.385021,0.448312,0.056962,0.21308,0.223629,0.46519,0.046414,0.040084,0.0,0.0,0.0,0.0,0.0,0.0,0.0,0.0,0.0,0.0,0.0,0.0,0.0,0.0,0.0,0.0
watch30_rotated_-90,0.579114,0.418776,0.508439,0.546414,0.659283,0.39346,0.094937,0.065401,0.614979,0.551688,0.056962,0.21308,0.776371,0.53481,0.046414,0.040084,0.0,0.0,0.0,0.0,0.0,0.0,0.0,0.0,0.0,0.0,0.0,0.0,0.0,0.0,0.0,0.0
watch30_rotated_180,0.581224,0.579114,0.546414,0.508439,0.60654,0.659283,0.065401,0.094937,0.448312,0.614979,0.21308,0.056962,0.46519,0.776371,0.040084,0.046414,0.0,0.0,0.0,0.0,0.0,0.0,0.0,0.0,0.0,0.0,0.0,0.0,0.0,0.0,0.0,0.0
watch31_rotated_-270,0.507384,0.525316,0.267932,0.265823,0.489451,0.549578,0.029536,0.044304,0.486287,0.484177,0.044304,0.06962,0.42616,0.520042,0.07173,0.027426,0.0,0.0,0.0,0.0,0.0,0.0,0.0,0.0,0.0,0.0,0.0,0.0,0.0,0.0,0.0,0.0
watch31_rotated_-90,0.492616,0.474684,0.267932,0.265823,0.510549,0.450422,0.029536,0.044304,0.513713,0.515823,0.044304,0.06962,0.57384,0.479958,0.07173,0.027426,0.0,0.0,0.0,0.0,0.0,0.0,0.0,0.0,0.0,0.0,0.0,0.0,0.0,0.0,0.0,0.0
watch31_rotated_180,0.525316,0.492616,0.265823,0.267932,0.549578,0.510549,0.044304,0.029536,0.484177,0.513713,0.06962,0.044304,0.520042,0.57384,0.027426,0.07173,0.0,0.0,0.0,0.0,0.0,0.0,0.0,0.0,0.0,0.0,0.0,0.0,0.0,0.0,0.0,0.0
watch32_rotated_-270,0.443038,0.475738,0.620253,0.685654,0.404008,0.588608,0.078059,0.194093,0.295359,0.402954,0.223629,0.122363,0.194093,0.57173,0.084388,0.101266,0.0,0.0,0.0,0.0,0.0,0.0,0.0,0.0,0.0,0.0,0.0,0.0,0.0,0.0,0.0,0.0
watch32_rotated_-90,0.556962,0.524262,0.620253,0.685654,0.595992,0.411392,0.078059,0.194093,0.704641,0.597046,0.223629,0.122363,0.805907,0.42827,0.084388,0.101266,0.0,0.0,0.0,0.0,0.0,0.0,0.0,0.0,0.0,0.0,0.0,0.0,0.0,0.0,0.0,0.0
watch32_rotated_180,0.475738,0.556962,0.685654,0.620253,0.588608,0.595992,0.194093,0.078059,0.402954,0.704641,0.122363,0.223629,0.57173,0.805907,0.101266,0.084388,0.0,0.0,0.0,0.0,0.0,0.0,0.0,0.0,0.0,0.0,0.0,0.0,0.0,0.0,0.0,0.0
watch33_rotated_-270,0.501055,0.535865,0.580169,0.548523,0.439873,0.624473,0.099156,0.126582,0.42616,0.42827,0.135021,0.202532,0.263713,0.53481,0.105485,0.07384,0.0,0.0,0.0,0.0,0.0,0.0,0.0,0.0,0.0,0.0,0.0,0.0,0.0,0.0,0.0,0.0
watch33_rotated_-90,0.498945,0.464135,0.580169,0.548523,0.560127,0.375527,0.099156,0.126582,0.57384,0.57173,0.135021,0.202532,0.736287,0.46519,0.105485,0.07384,0.0,0.0,0.0,0.0,0.0,0.0,0.0,0.0,0.0,0.0,0.0,0.0,0.0,0.0,0.0,0.0
watch33_rotated_180,0.535865,0.498945,0.548523,0.580169,0.624473,0.560127,0.126582,0.099156,0.42827,0.57384,0.202532,0.135021,0.53481,0.736287,0.07384,0.105485,0.0,0.0,0.0,0.0,0.0,0.0,0.0,0.0,0.0,0.0,0.0,0.0,0.0,0.0,0.0,0.0
watch34_rotated_-270,0.422996,0.509494,0.584388,0.64346,0.39557,0.610759,0.06962,0.170886,0.304852,0.435654,0.208861,0.128692,0.21519,0.590717,0.113924,0.126582,0.0,0.0,0.0,0.0,0.0,0.0,0.0,0.0,0.0,0.0,0.0,0.0,0.0,0.0,0.0,0.0
watch34_rotated_-90,0.577004,0.490506,0.584388,0.64346,0.60443,0.389241,0.06962,0.170886,0.695148,0.564346,0.208861,0.128692,0.78481,0.409283,0.113924,0.126582,0.0,0.0,0.0,0.0,0.0,0.0,0.0,0.0,0.0,0.0,0.0,0.0,0.0,0.0,0.0,0.0
watch34_rotated_180,0.509494,0.577004,0.64346,0.584388,0.610759,0.60443,0.170886,0.06962,0.435654,0.695148,0.128692,0.208861,0.590717,0.78481,0.126582,0.113924,0.0,0.0,0.0,0.0,0.0,0.0,0.0,0.0,0.0,0.0,0.0,0.0,0.0,0.0,0.0,0.0
watch35_rotated_-270,0.477816,0.50211,0.450512,0.620253,0.457338,0.383966,0.017065,0.181435,0.362628,0.567511,0.15529,0.139241,0.313993,0.374473,0.064846,0.052743,0.0,0.0,0.0,0.0,0.0,0.0,0.0,0.0,0.0,0.0,0.0,0.0,0.0,0.0,0.0,0.0
watch35_rotated_-90,0.522184,0.49789,0.450512,0.620253,0.542662,0.616034,0.017065,0.181435,0.637372,0.432489,0.15529,0.139241,0.686007,0.625527,0.064846,0.052743,0.0,0.0,0.0,0.0,0.0,0.0,0.0,0.0,0.0,0.0,0.0,0.0,0.0,0.0,0.0,0.0
watch35_rotated_180,0.50211,0.522184,0.620253,0.450512,0.383966,0.542662,0.181435,0.017065,0.567511,0.637372,0.139241,0.15529,0.374473,0.686007,0.052743,0.064846,0.0,0.0,0.0,0.0,0.0,0.0,0.0,0.0,0.0,0.0,0.0,0.0,0.0,0.0,0.0,0.0
watch36_rotated_-270,0.45,0.468354,0.410204,0.438819,0.416327,0.530591,0.04898,0.107595,0.386735,0.386076,0.1,0.135021,0.3,0.49789,0.065306,0.063291,0.0,0.0,0.0,0.0,0.0,0.0,0.0,0.0,0.0,0.0,0.0,0.0,0.0,0.0,0.0,0.0
watch36_rotated_-90,0.55,0.531646,0.410204,0.438819,0.583673,0.469409,0.04898,0.107595,0.613265,0.613924,0.1,0.135021,0.7,0.50211,0.065306,0.063291,0.0,0.0,0.0,0.0,0.0,0.0,0.0,0.0,0.0,0.0,0.0,0.0,0.0,0.0,0.0,0.0
watch36_rotated_180,0.468354,0.55,0.438819,0.410204,0.530591,0.583673,0.107595,0.04898,0.386076,0.613265,0.135021,0.1,0.49789,0.7,0.063291,0.065306,0.0,0.0,0.0,0.0,0.0,0.0,0.0,0.0,0.0,0.0,0.0,0.0,0.0,0.0,0.0,0.0
watch37_rotated_-270,0.425105,0.572785,0.314346,0.301688,0.396624,0.60865,0.050633,0.065401,0.39135,0.506329,0.06962,0.105485,0.292194,0.562236,0.035865,0.027426,0.0,0.0,0.0,0.0,0.0,0.0,0.0,0.0,0.0,0.0,0.0,0.0,0.0,0.0,0.0,0.0
watch37_rotated_-90,0.574895,0.427215,0.314346,0.301688,0.603376,0.39135,0.050633,0.065401,0.60865,0.493671,0.06962,0.105485,0.707806,0.437764,0.035865,0.027426,0.0,0.0,0.0,0.0,0.0,0.0,0.0,0.0,0.0,0.0,0.0,0.0,0.0,0.0,0.0,0.0
watch37_rotated_180,0.572785,0.574895,0.301688,0.314346,0.60865,0.603376,0.065401,0.050633,0.506329,0.60865,0.105485,0.06962,0.562236,0.707806,0.027426,0.035865,0.0,0.0,0.0,0.0,0.0,0.0,0.0,0.0,0.0,0.0,0.0,0.0,0.0,0.0,0.0,0.0
watch38_rotated_-270,0.378613,0.517932,0.317919,0.470464,0.333333,0.542194,0.080925,0.054852,0.376686,0.418776,0.028902,0.166667,0.26975,0.401899,0.050096,0.052743,0.0,0.0,0.0,0.0,0.0,0.0,0.0,0.0,0.0,0.0,0.0,0.0,0.0,0.0,0.0,0.0
watch38_rotated_-90,0.621387,0.482068,0.317919,0.470464,0.666667,0.457806,0.080925,0.054852,0.623314,0.581224,0.028902,0.166667,0.73025,0.598101,0.050096,0.052743,0.0,0.0,0.0,0.0,0.0,0.0,0.0,0.0,0.0,0.0,0.0,0.0,0.0,0.0,0.0,0.0
watch38_rotated_180,0.517932,0.621387,0.470464,0.317919,0.542194,0.666667,0.054852,0.080925,0.418776,0.623314,0.166667,0.028902,0.401899,0.73025,0.052743,0.050096,0.0,0.0,0.0,0.0,0.0,0.0,0.0,0.0,0.0,0.0,0.0,0.0,0.0,0.0,0.0,0.0
watch39_rotated_-270,0.487342,0.501055,0.696203,0.702532,0.42616,0.588608,0.097046,0.151899,0.345992,0.479958,0.236287,0.035865,0.18038,0.493671,0.07384,0.075949,0.0,0.0,0.0,0.0,0.0,0.0,0.0,0.0,0.0,0.0,0.0,0.0,0.0,0.0,0.0,0.0
watch39_rotated_-90,0.512658,0.498945,0.696203,0.702532,0.57384,0.411392,0.097046,0.151899,0.654008,0.520042,0.236287,0.035865,0.81962,0.506329,0.07384,0.075949,0.0,0.0,0.0,0.0,0.0,0.0,0.0,0.0,0.0,0.0,0.0,0.0,0.0,0.0,0.0,0.0
watch39_rotated_180,0.501055,0.512658,0.702532,0.696203,0.588608,0.57384,0.151899,0.097046,0.479958,0.654008,0.035865,0.236287,0.493671,0.81962,0.075949,0.07384,0.0,0.0,0.0,0.0,0.0,0.0,0.0,0.0,0.0,0.0,0.0,0.0,0.0,0.0,0.0,0.0
watch3_rotated_-270,0.491667,0.533133,0.443333,0.777108,0.46,0.635542,0.053333,0.138554,0.45,0.412651,0.08,0.222892,0.34,0.542169,0.046667,0.096386,0.0,0.0,0.0,0.0,0.0,0.0,0.0,0.0,0.0,0.0,0.0,0.0,0.0,0.0,0.0,0.0
watch3_rotated_-90,0.508333,0.466867,0.443333,0.777108,0.54,0.364458,0.053333,0.138554,0.55,0.587349,0.08,0.222892,0.66,0.457831,0.046667,0.096386,0.0,0.0,0.0,0.0,0.0,0.0,0.0,0.0,0.0,0.0,0.0,0.0,0.0,0.0,0.0,0.0
watch3_rotated_180,0.533133,0.508333,0.777108,0.443333,0.635542,0.54,0.138554,0.053333,0.412651,0.55,0.222892,0.08,0.542169,0.66,0.096386,0.046667,0.0,0.0,0.0,0.0,0.0,0.0,0.0,0.0,0.0,0.0,0.0,0.0,0.0,0.0,0.0,0.0
watch40_rotated_-270,0.454641,0.520042,0.415612,0.402954,0.419831,0.566456,0.059072,0.07384,0.407173,0.432489,0.067511,0.156118,0.273207,0.514768,0.048523,0.021097,0.0,0.0,0.0,0.0,0.0,0.0,0.0,0.0,0.0,0.0,0.0,0.0,0.0,0.0,0.0,0.0
watch40_rotated_-90,0.545359,0.479958,0.415612,0.402954,0.580169,0.433544,0.059072,0.07384,0.592827,0.567511,0.067511,0.156118,0.726793,0.485232,0.048523,0.021097,0.0,0.0,0.0,0.0,0.0,0.0,0.0,0.0,0.0,0.0,0.0,0.0,0.0,0.0,0.0,0.0
watch40_rotated_180,0.520042,0.545359,0.402954,0.415612,0.566456,0.580169,0.07384,0.059072,0.432489,0.592827,0.156118,0.067511,0.514768,0.726793,0.021097,0.048523,0.0,0.0,0.0,0.0,0.0,0.0,0.0,0.0,0.0,0.0,0.0,0.0,0.0,0.0,0.0,0.0
watch41_rotated_-270,0.439873,0.53903,0.613924,0.765823,0.322785,0.491561,0.194093,0.092827,0.527426,0.417722,0.189873,0.232068,0.314346,0.231013,0.080169,0.132911,0.0,0.0,0.0,0.0,0.0,0.0,0.0,0.0,0.0,0.0,0.0,0.0,0.0,0.0,0.0,0.0
watch41_rotated_-90,0.560127,0.46097,0.613924,0.765823,0.677215,0.508439,0.194093,0.092827,0.472574,0.582278,0.189873,0.232068,0.685654,0.768987,0.080169,0.132911,0.0,0.0,0.0,0.0,0.0,0.0,0.0,0.0,0.0,0.0,0.0,0.0,0.0,0.0,0.0,0.0
watch41_rotated_180,0.53903,0.560127,0.765823,0.613924,0.491561,0.677215,0.092827,0.194093,0.417722,0.472574,0.232068,0.189873,0.231013,0.685654,0.132911,0.080169,0.0,0.0,0.0,0.0,0.0,0.0,0.0,0.0,0.0,0.0,0.0,0.0,0.0,0.0,0.0,0.0
watch42_rotated_-270,0.480274,0.485232,0.476844,0.586498,0.543739,0.411392,0.109777,0.126582,0.456261,0.616034,0.058319,0.236287,0.319039,0.377637,0.06518,0.063291,0.0,0.0,0.0,0.0,0.0,0.0,0.0,0.0,0.0,0.0,0.0,0.0,0.0,0.0,0.0,0.0
watch42_rotated_-90,0.519726,0.514768,0.476844,0.586498,0.456261,0.588608,0.109777,0.126582,0.543739,0.383966,0.058319,0.236287,0.680961,0.622363,0.06518,0.063291,0.0,0.0,0.0,0.0,0.0,0.0,0.0,0.0,0.0,0.0,0.0,0.0,0.0,0.0,0.0,0.0
watch42_rotated_180,0.485232,0.519726,0.586498,0.476844,0.411392,0.456261,0.126582,0.109777,0.616034,0.543739,0.236287,0.058319,0.377637,0.680961,0.063291,0.06518,0.0,0.0,0.0,0.0,0.0,0.0,0.0,0.0,0.0,0.0,0.0,0.0,0.0,0.0,0.0,0.0
watch43_rotated_-270,0.4673,0.479958,0.529536,0.64346,0.351266,0.529536,0.128692,0.063291,0.437764,0.333333,0.023207,0.270042,0.280591,0.35865,0.084388,0.084388,0.0,0.0,0.0,0.0,0.0,0.0,0.0,0.0,0.0,0.0,0.0,0.0,0.0,0.0,0.0,0.0
watch43_rotated_-90,0.5327,0.520042,0.529536,0.64346,0.648734,0.470464,0.128692,0.063291,0.562236,0.666667,0.023207,0.270042,0.719409,0.64135,0.084388,0.084388,0.0,0.0,0.0,0.0,0.0,0.0,0.0,0.0,0.0,0.0,0.0,0.0,0.0,0.0,0.0,0.0
watch43_rotated_180,0.479958,0.5327,0.64346,0.529536,0.529536,0.648734,0.063291,0.128692,0.333333,0.562236,0.270042,0.023207,0.35865,0.719409,0.084388,0.084388,0.0,0.0,0.0,0.0,0.0,0.0,0.0,0.0,0.0,0.0,0.0,0.0,0.0,0.0,0.0,0.0
watch44_rotated_-270,0.310421,0.585443,0.354767,0.407173,0.260532,0.587553,0.086475,0.031646,0.31153,0.487342,0.015521,0.164557,0.215078,0.474684,0.084257,0.092827,0.0,0.0,0.0,0.0,0.0,0.0,0.0,0.0,0.0,0.0,0.0,0.0,0.0,0.0,0.0,0.0
watch44_rotated_-90,0.689579,0.414557,0.354767,0.407173,0.739468,0.412447,0.086475,0.031646,0.68847,0.512658,0.015521,0.164557,0.784922,0.525316,0.084257,0.092827,0.0,0.0,0.0,0.0,0.0,0.0,0.0,0.0,0.0,0.0,0.0,0.0,0.0,0.0,0.0,0.0
watch44_rotated_180,0.585443,0.689579,0.407173,0.354767,0.587553,0.739468,0.031646,0.086475,0.487342,0.68847,0.164557,0.015521,0.474684,0.784922,0.092827,0.084257,0.0,0.0,0.0,0.0,0.0,0.0,0.0,0.0,0.0,0.0,0.0,0.0,0.0,0.0,0.0,0.0
watch45_rotated_-270,0.463183,0.583333,0.650831,0.592827,0.387173,0.623418,0.128266,0.078059,0.428741,0.462025,0.068884,0.185654,0.268409,0.49789,0.090261,0.07173,0.0,0.0,0.0,0.0,0.0,0.0,0.0,0.0,0.0,0.0,0.0,0.0,0.0,0.0,0.0,0.0
watch45_rotated_-90,0.536817,0.416667,0.650831,0.592827,0.612827,0.376582,0.128266,0.078059,0.571259,0.537975,0.068884,0.185654,0.731591,0.50211,0.090261,0.07173,0.0,0.0,0.0,0.0,0.0,0.0,0.0,0.0,0.0,0.0,0.0,0.0,0.0,0.0,0.0,0.0
watch45_rotated_180,0.583333,0.536817,0.592827,0.650831,0.623418,0.612827,0.078059,0.128266,0.462025,0.571259,0.185654,0.068884,0.49789,0.731591,0.07173,0.090261,0.0,0.0,0.0,0.0,0.0,0.0,0.0,0.0,0.0,0.0,0.0,0.0,0.0,0.0,0.0,0.0
watch46_rotated_-270,0.3375,0.725738,0.4,0.409283,0.298958,0.753165,0.072917,0.050633,0.305208,0.64135,0.06875,0.130802,0.190625,0.646624,0.047917,0.044304,0.0,0.0,0.0,0.0,0.0,0.0,0.0,0.0,0.0,0.0,0.0,0.0,0.0,0.0,0.0,0.0
watch46_rotated_-90,0.6625,0.274262,0.4,0.409283,0.701042,0.246835,0.072917,0.050633,0.694792,0.35865,0.06875,0.130802,0.809375,0.353376,0.047917,0.044304,0.0,0.0,0.0,0.0,0.0,0.0,0.0,0.0,0.0,0.0,0.0,0.0,0.0,0.0,0.0,0.0
watch46_rotated_180,0.725738,0.6625,0.409283,0.4,0.753165,0.701042,0.050633,0.072917,0.64135,0.694792,0.130802,0.06875,0.646624,0.809375,0.044304,0.047917,0.0,0.0,0.0,0.0,0.0,0.0,0.0,0.0,0.0,0.0,0.0,0.0,0.0,0.0,0.0,0.0
watch47_rotated_-270,0.552743,0.545359,0.464135,0.575949,0.466245,0.520042,0.139241,0.065401,0.618143,0.458861,0.126582,0.166667,0.468354,0.324895,0.088608,0.109705,0.0,0.0,0.0,0.0,0.0,0.0,0.0,0.0,0.0,0.0,0.0,0.0,0.0,0.0,0.0,0.0
watch47_rotated_-90,0.447257,0.454641,0.464135,0.575949,0.533755,0.479958,0.139241,0.065401,0.381857,0.541139,0.126582,0.166667,0.531646,0.675105,0.088608,0.109705,0.0,0.0,0.0,0.0,0.0,0.0,0.0,0.0,0.0,0.0,0.0,0.0,0.0,0.0,0.0,0.0
watch47_rotated_180,0.545359,0.447257,0.575949,0.464135,0.520042,0.533755,0.065401,0.139241,0.458861,0.381857,0.166667,0.126582,0.324895,0.531646,0.109705,0.088608,0.0,0.0,0.0,0.0,0.0,0.0,0.0,0.0,0.0,0.0,0.0,0.0,0.0,0.0,0.0,0.0
watch48_rotated_-270,0.509494,0.515823,0.521097,0.512658,0.455696,0.583333,0.080169,0.107595,0.418776,0.424051,0.149789,0.147679,0.315401,0.509494,0.082278,0.065401,0.0,0.0,0.0,0.0,0.0,0.0,0.0,0.0,0.0,0.0,0.0,0.0,0.0,0.0,0.0,0.0
watch48_rotated_-90,0.490506,0.484177,0.521097,0.512658,0.544304,0.416667,0.080169,0.107595,0.581224,0.575949,0.149789,0.147679,0.684599,0.490506,0.082278,0.065401,0.0,0.0,0.0,0.0,0.0,0.0,0.0,0.0,0.0,0.0,0.0,0.0,0.0,0.0,0.0,0.0
watch48_rotated_180,0.515823,0.490506,0.512658,0.521097,0.583333,0.544304,0.107595,0.080169,0.424051,0.581224,0.147679,0.149789,0.509494,0.684599,0.065401,0.082278,0.0,0.0,0.0,0.0,0.0,0.0,0.0,0.0,0.0,0.0,0.0,0.0,0.0,0.0,0.0,0.0
watch49_rotated_-270,0.378692,0.564346,0.440928,0.445148,0.328059,0.603376,0.07384,0.063291,0.345992,0.479958,0.080169,0.149789,0.207806,0.5,0.07384,0.07173,0.0,0.0,0.0,0.0,0.0,0.0,0.0,0.0,0.0,0.0,0.0,0.0,0.0,0.0,0.0,0.0
watch49_rotated_-90,0.621308,0.435654,0.440928,0.445148,0.671941,0.396624,0.07384,0.063291,0.654008,0.520042,0.080169,0.149789,0.792194,0.5,0.07384,0.07173,0.0,0.0,0.0,0.0,0.0,0.0,0.0,0.0,0.0,0.0,0.0,0.0,0.0,0.0,0.0,0.0
watch49_rotated_180,0.564346,0.621308,0.445148,0.440928,0.603376,0.671941,0.063291,0.07384,0.479958,0.654008,0.149789,0.080169,0.5,0.792194,0.07173,0.07384,0.0,0.0,0.0,0.0,0.0,0.0,0.0,0.0,0.0,0.0,0.0,0.0,0.0,0.0,0.0,0.0
watch4_rotated_-270,0.498498,0.561628,0.405405,0.304651,0.461712,0.59593,0.070571,0.068605,0.465465,0.501163,0.069069,0.102326,0.342342,0.561628,0.087087,0.030233,0.0,0.0,0.0,0.0,0.0,0.0,0.0,0.0,0.0,0.0,0.0,0.0,0.0,0.0,0.0,0.0
watch4_rotated_-90,0.501502,0.438372,0.405405,0.304651,0.538288,0.40407,0.070571,0.068605,0.534535,0.498837,0.069069,0.102326,0.657658,0.438372,0.087087,0.030233,0.0,0.0,0.0,0.0,0.0,0.0,0.0,0.0,0.0,0.0,0.0,0.0,0.0,0.0,0.0,0.0
watch4_rotated_180,0.561628,0.501502,0.304651,0.405405,0.59593,0.538288,0.068605,0.070571,0.501163,0.534535,0.102326,0.069069,0.561628,0.657658,0.030233,0.087087,0.0,0.0,0.0,0.0,0.0,0.0,0.0,0.0,0.0,0.0,0.0,0.0,0.0,0.0,0.0,0.0
watch50_rotated_-270,0.494975,0.508439,0.864322,0.729958,0.356784,0.568565,0.18593,0.107595,0.424623,0.339662,0.110553,0.274262,0.153266,0.399789,0.090452,0.065401,0.0,0.0,0.0,0.0,0.0,0.0,0.0,0.0,0.0,0.0,0.0,0.0,0.0,0.0,0.0,0.0
watch50_rotated_-90,0.505025,0.491561,0.864322,0.729958,0.643216,0.431435,0.18593,0.107595,0.575377,0.660338,0.110553,0.274262,0.846734,0.600211,0.090452,0.065401,0.0,0.0,0.0,0.0,0.0,0.0,0.0,0.0,0.0,0.0,0.0,0.0,0.0,0.0,0.0,0.0
watch50_rotated_180,0.508439,0.505025,0.729958,0.864322,0.568565,0.643216,0.107595,0.18593,0.339662,0.575377,0.274262,0.110553,0.399789,0.846734,0.065401,0.090452,0.0,0.0,0.0,0.0,0.0,0.0,0.0,0.0,0.0,0.0,0.0,0.0,0.0,0.0,0.0,0.0
watch510,0.49707,0.509852,0.541016,0.674877,0.458008,0.573892,0.076172,0.152709,0.438477,0.400246,0.119141,0.20936,0.286133,0.498768,0.060547,0.022167,0.0,0.0,0.0,0.0,0.0,0.0,0.0,0.0,0.0,0.0,0.0,0.0,0.0,0.0,0.0,0.0
watch511,0.496923,0.501538,0.436923,0.433846,0.441538,0.507692,0.116923,0.027692,0.510769,0.423077,0.027692,0.169231,0.371538,0.374615,0.038462,0.038462,0.0,0.0,0.0,0.0,0.0,0.0,0.0,0.0,0.0,0.0,0.0,0.0,0.0,0.0,0.0,0.0
watch512,0.546,0.4825,0.472,0.465,0.575,0.4395,0.07,0.095,0.5905,0.547,0.103,0.13,0.682,0.4855,0.064,0.037,0.0,0.0,0.0,0.0,0.0,0.0,0.0,0.0,0.0,0.0,0.0,0.0,0.0,0.0,0.0,0.0
watch513,0.47387,0.488701,0.29661,0.29661,0.437147,0.491879,0.070621,0.016243,0.477401,0.437147,0.019774,0.105932,0.407486,0.420198,0.043785,0.043785,0.0,0.0,0.0,0.0,0.0,0.0,0.0,0.0,0.0,0.0,0.0,0.0,0.0,0.0,0.0,0.0
watch514,0.534105,0.526797,0.330085,0.322777,0.568819,0.52497,0.085262,0.01827,0.524361,0.58313,0.021924,0.115104,0.602619,0.602923,0.048112,0.049939,0.0,0.0,0.0,0.0,0.0,0.0,0.0,0.0,0.0,0.0,0.0,0.0,0.0,0.0,0.0,0.0
watch515,0.445386,0.501984,0.557439,0.462698,0.403955,0.54127,0.06968,0.087302,0.37806,0.439286,0.119586,0.135714,0.270716,0.496032,0.051789,0.047619,0.0,0.0,0.0,0.0,0.0,0.0,0.0,0.0,0.0,0.0,0.0,0.0,0.0,0.0,0.0,0.0
watch516,0.561676,0.503571,0.44162,0.370635,0.591337,0.461111,0.06968,0.079365,0.615819,0.561111,0.116761,0.126984,0.718456,0.505159,0.041431,0.05,0.0,0.0,0.0,0.0,0.0,0.0,0.0,0.0,0.0,0.0,0.0,0.0,0.0,0.0,0.0,0.0
watch517,0.503846,0.515385,0.404615,0.409231,0.510769,0.572308,0.021538,0.12,0.421538,0.5,0.166154,0.027692,0.383846,0.627692,0.013846,0.018462,0.0,0.0,0.0,0.0,0.0,0.0,0.0,0.0,0.0,0.0,0.0,0.0,0.0,0.0,0.0,0.0
watch518,0.489258,0.518473,0.537109,0.672414,0.442383,0.596059,0.091797,0.162562,0.425781,0.412562,0.125,0.219212,0.264648,0.51601,0.013672,0.017241,0.0,0.0,0.0,0.0,0.0,0.0,0.0,0.0,0.0,0.0,0.0,0.0,0.0,0.0,0.0,0.0
watch519,0.502308,0.498462,0.536923,0.541538,0.485385,0.433846,0.029231,0.144615,0.593077,0.515385,0.195385,0.030769,0.639231,0.359231,0.063077,0.056923,0.0,0.0,0.0,0.0,0.0,0.0,0.0,0.0,0.0,0.0,0.0,0.0,0.0,0.0,0.0,0.0
watch51_rotated_-270,0.427215,0.530591,0.512658,0.508439,0.375527,0.601266,0.092827,0.122363,0.35654,0.429325,0.126582,0.170886,0.200422,0.521097,0.054852,0.029536,0.0,0.0,0.0,0.0,0.0,0.0,0.0,0.0,0.0,0.0,0.0,0.0,0.0,0.0,0.0,0.0
watch51_rotated_-90,0.572785,0.469409,0.512658,0.508439,0.624473,0.398734,0.092827,0.122363,0.64346,0.570675,0.126582,0.170886,0.799578,0.478903,0.054852,0.029536,0.0,0.0,0.0,0.0,0.0,0.0,0.0,0.0,0.0,0.0,0.0,0.0,0.0,0.0,0.0,0.0
watch51_rotated_180,0.530591,0.572785,0.508439,0.512658,0.601266,0.624473,0.122363,0.092827,0.429325,0.64346,0.170886,0.126582,0.521097,0.799578,0.029536,0.054852,0.0,0.0,0.0,0.0,0.0,0.0,0.0,0.0,0.0,0.0,0.0,0.0,0.0,0.0,0.0,0.0
watch520,0.5,0.501953,0.79803,0.628906,0.589901,0.547852,0.174877,0.091797,0.384236,0.564453,0.231527,0.128906,0.497537,0.731445,0.024631,0.095703,0.0,0.0,0.0,0.0,0.0,0.0,0.0,0.0,0.0,0.0,0.0,0.0,0.0,0.0,0.0,0.0
watch521,0.503828,0.495289,0.359835,0.365135,0.494111,0.44788,0.015312,0.101885,0.572144,0.509128,0.14311,0.028857,0.596879,0.403416,0.042992,0.051826,0.0,0.0,0.0,0.0,0.0,0.0,0.0,0.0,0.0,0.0,0.0,0.0,0.0,0.0,0.0,0.0
watch522,0.49625,0.500833,0.509167,0.515,0.45375,0.558333,0.084167,0.115,0.43375,0.416667,0.125833,0.171667,0.300417,0.498333,0.0875,0.015,0.0,0.0,0.0,0.0,0.0,0.0,0.0,0.0,0.0,0.0,0.0,0.0,0.0,0.0,0.0,0.0
watch523,0.496973,0.545363,0.469223,0.46371,0.509082,0.598286,0.031282,0.103831,0.402119,0.528226,0.18668,0.046371,0.375378,0.657258,0.072654,0.072581,0.0,0.0,0.0,0.0,0.0,0.0,0.0,0.0,0.0,0.0,0.0,0.0,0.0,0.0,0.0,0.0
watch524,0.496973,0.540827,0.473259,0.470766,0.507064,0.598286,0.0333,0.113911,0.403128,0.52873,0.18668,0.037298,0.374369,0.65877,0.072654,0.075605,0.0,0.0,0.0,0.0,0.0,0.0,0.0,0.0,0.0,0.0,0.0,0.0,0.0,0.0,0.0,0.0
watch525,0.447647,0.445294,0.307059,0.307059,0.407647,0.452353,0.081176,0.017647,0.454706,0.39,0.022353,0.116471,0.375882,0.372353,0.043529,0.050588,0.0,0.0,0.0,0.0,0.0,0.0,0.0,0.0,0.0,0.0,0.0,0.0,0.0,0.0,0.0,0.0
watch526,0.553529,0.449412,0.295294,0.289412,0.546471,0.409412,0.02,0.075294,0.604118,0.458824,0.104706,0.025882,0.62,0.381176,0.04,0.051765,0.0,0.0,0.0,0.0,0.0,0.0,0.0,0.0,0.0,0.0,0.0,0.0,0.0,0.0,0.0,0.0
watch527,0.503695,0.512695,0.460591,0.369141,0.546798,0.535156,0.093596,0.042969,0.426108,0.540039,0.147783,0.056641,0.502463,0.628906,0.024631,0.050781,0.0,0.0,0.0,0.0,0.0,0.0,0.0,0.0,0.0,0.0,0.0,0.0,0.0,0.0,0.0,0.0
watch528,0.508462,0.507692,0.293846,0.286154,0.537692,0.496923,0.063077,0.021538,0.490769,0.553077,0.036923,0.096923,0.572308,0.57,0.033846,0.029231,0.0,0.0,0.0,0.0,0.0,0.0,0.0,0.0,0.0,0.0,0.0,0.0,0.0,0.0,0.0,0.0
watch529,0.496305,0.49707,0.864532,0.673828,0.587438,0.547852,0.174877,0.099609,0.384236,0.552734,0.241379,0.113281,0.5,0.711914,0.034483,0.119141,0.0,0.0,0.0,0.0,0.0,0.0,0.0,0.0,0.0,0.0,0.0,0.0,0.0,0.0,0.0,0.0
watch52_rotated_-270,0.352321,0.601266,0.371308,0.392405,0.312236,0.628692,0.067511,0.050633,0.331224,0.513713,0.07173,0.158228,0.219409,0.523207,0.054852,0.037975,0.0,0.0,0.0,0.0,0.0,0.0,0.0,0.0,0.0,0.0,0.0,0.0,0.0,0.0,0.0,0.0
watch52_rotated_-90,0.647679,0.398734,0.371308,0.392405,0.687764,0.371308,0.067511,0.050633,0.668776,0.486287,0.07173,0.158228,0.780591,0.476793,0.054852,0.037975,0.0,0.0,0.0,0.0,0.0,0.0,0.0,0.0,0.0,0.0,0.0,0.0,0.0,0.0,0.0,0.0
watch52_rotated_180,0.601266,0.647679,0.392405,0.371308,0.628692,0.687764,0.050633,0.067511,0.513713,0.668776,0.158228,0.07173,0.523207,0.780591,0.037975,0.054852,0.0,0.0,0.0,0.0,0.0,0.0,0.0,0.0,0.0,0.0,0.0,0.0,0.0,0.0,0.0,0.0
watch530,0.503846,0.500769,0.496923,0.490769,0.513077,0.554615,0.029231,0.115385,0.43,0.481538,0.143077,0.036923,0.393846,0.609231,0.070769,0.070769,0.0,0.0,0.0,0.0,0.0,0.0,0.0,0.0,0.0,0.0,0.0,0.0,0.0,0.0,0.0,0.0
watch531,0.506158,0.49707,0.770936,0.607422,0.581281,0.547852,0.167488,0.099609,0.391626,0.558594,0.226601,0.136719,0.503695,0.751953,0.03202,0.058594,0.0,0.0,0.0,0.0,0.0,0.0,0.0,0.0,0.0,0.0,0.0,0.0,0.0,0.0,0.0,0.0
watch532,0.498047,0.507389,0.605469,0.763547,0.455078,0.576355,0.089844,0.162562,0.433594,0.394089,0.128906,0.226601,0.24707,0.506158,0.052734,0.03202,0.0,0.0,0.0,0.0,0.0,0.0,0.0,0.0,0.0,0.0,0.0,0.0,0.0,0.0,0.0,0.0
watch533,0.486471,0.513529,0.347059,0.342353,0.438235,0.518824,0.097647,0.021176,0.504706,0.447647,0.035294,0.137647,0.399412,0.418235,0.050588,0.045882,0.0,0.0,0.0,0.0,0.0,0.0,0.0,0.0,0.0,0.0,0.0,0.0,0.0,0.0,0.0,0.0
watch534,0.495,0.5275,0.593333,0.601667,0.4525,0.575,0.085,0.11,0.4475,0.443333,0.101667,0.163333,0.3075,0.52,0.085,0.03,0.0,0.0,0.0,0.0,0.0,0.0,0.0,0.0,0.0,0.0,0.0,0.0,0.0,0.0,0.0,0.0
watch535,0.443974,0.506349,0.467985,0.396825,0.40725,0.553175,0.081921,0.095238,0.403484,0.434524,0.083804,0.156349,0.277307,0.507937,0.053672,0.05873,0.0,0.0,0.0,0.0,0.0,0.0,0.0,0.0,0.0,0.0,0.0,0.0,0.0,0.0,0.0,0.0
watch536,0.52771,0.520097,0.334348,0.331303,0.568819,0.511571,0.090134,0.019488,0.509135,0.576736,0.042631,0.11084,0.602619,0.594397,0.039586,0.037759,0.0,0.0,0.0,0.0,0.0,0.0,0.0,0.0,0.0,0.0,0.0,0.0,0.0,0.0,0.0,0.0
watch537,0.496154,0.5,0.481538,0.483077,0.503077,0.547692,0.021538,0.104615,0.42,0.473077,0.153846,0.053846,0.369231,0.626154,0.043077,0.055385,0.0,0.0,0.0,0.0,0.0,0.0,0.0,0.0,0.0,0.0,0.0,0.0,0.0,0.0,0.0,0.0
watch538,0.493846,0.499231,0.470769,0.469231,0.503846,0.544615,0.023077,0.104615,0.421538,0.472308,0.150769,0.055385,0.372308,0.623846,0.046154,0.047692,0.0,0.0,0.0,0.0,0.0,0.0,0.0,0.0,0.0,0.0,0.0,0.0,0.0,0.0,0.0,0.0
watch539,0.505,0.563333,0.396667,0.395,0.540833,0.592083,0.086667,0.0575,0.442917,0.610417,0.1125,0.104167,0.50125,0.7,0.0275,0.06,0.0,0.0,0.0,0.0,0.0,0.0,0.0,0.0,0.0,0.0,0.0,0.0,0.0,0.0,0.0,0.0
watch53_rotated_-270,0.482222,0.513713,0.488889,0.474684,0.431111,0.584388,0.08,0.118143,0.416667,0.421941,0.108889,0.177215,0.267778,0.513713,0.037778,0.052743,0.0,0.0,0.0,0.0,0.0,0.0,0.0,0.0,0.0,0.0,0.0,0.0,0.0,0.0,0.0,0.0
watch53_rotated_-90,0.517778,0.486287,0.488889,0.474684,0.568889,0.415612,0.08,0.118143,0.583333,0.578059,0.108889,0.177215,0.732222,0.486287,0.037778,0.052743,0.0,0.0,0.0,0.0,0.0,0.0,0.0,0.0,0.0,0.0,0.0,0.0,0.0,0.0,0.0,0.0
watch53_rotated_180,0.513713,0.517778,0.474684,0.488889,0.584388,0.568889,0.118143,0.08,0.421941,0.583333,0.177215,0.108889,0.513713,0.732222,0.052743,0.037778,0.0,0.0,0.0,0.0,0.0,0.0,0.0,0.0,0.0,0.0,0.0,0.0,0.0,0.0,0.0,0.0
watch540,0.500833,0.560417,0.371667,0.375833,0.54,0.586667,0.081667,0.065,0.445417,0.604167,0.104167,0.098333,0.5,0.685,0.025,0.056667,0.0,0.0,0.0,0.0,0.0,0.0,0.0,0.0,0.0,0.0,0.0,0.0,0.0,0.0,0.0,0.0
watch541,0.490234,0.512315,0.566406,0.719212,0.446289,0.583744,0.091797,0.17734,0.421875,0.392857,0.140625,0.23399,0.271484,0.509852,0.082031,0.019704,0.0,0.0,0.0,0.0,0.0,0.0,0.0,0.0,0.0,0.0,0.0,0.0,0.0,0.0,0.0,0.0
watch542,0.501538,0.490769,0.470769,0.470769,0.487692,0.426923,0.030769,0.130769,0.594615,0.507692,0.195385,0.036923,0.626923,0.363077,0.050769,0.052308,0.0,0.0,0.0,0.0,0.0,0.0,0.0,0.0,0.0,0.0,0.0,0.0,0.0,0.0,0.0,0.0
watch543,0.466667,0.5175,0.593333,0.601667,0.416667,0.575833,0.093333,0.121667,0.395,0.430833,0.133333,0.198333,0.253333,0.519167,0.106667,0.028333,0.0,0.0,0.0,0.0,0.0,0.0,0.0,0.0,0.0,0.0,0.0,0.0,0.0,0.0,0.0,0.0
watch544,0.527647,0.507059,0.38,0.364706,0.575882,0.501765,0.104706,0.017647,0.514118,0.585294,0.025882,0.154118,0.624118,0.606471,0.055294,0.062353,0.0,0.0,0.0,0.0,0.0,0.0,0.0,0.0,0.0,0.0,0.0,0.0,0.0,0.0,0.0,0.0
watch545,0.493846,0.486923,0.366154,0.358462,0.482308,0.447692,0.023077,0.110769,0.562308,0.515385,0.143077,0.049231,0.6,0.38,0.024615,0.030769,0.0,0.0,0.0,0.0,0.0,0.0,0.0,0.0,0.0,0.0,0.0,0.0,0.0,0.0,0.0,0.0
watch546,0.493846,0.504615,0.396923,0.4,0.442308,0.514615,0.103077,0.026154,0.512308,0.433077,0.055385,0.155385,0.374615,0.391538,0.029231,0.029231,0.0,0.0,0.0,0.0,0.0,0.0,0.0,0.0,0.0,0.0,0.0,0.0,0.0,0.0,0.0,0.0
watch547,0.507692,0.524615,0.421538,0.418462,0.492308,0.484615,0.027692,0.101538,0.576154,0.535385,0.143077,0.033846,0.6,0.426154,0.055385,0.058462,0.0,0.0,0.0,0.0,0.0,0.0,0.0,0.0,0.0,0.0,0.0,0.0,0.0,0.0,0.0,0.0
watch548,0.465517,0.480469,0.586207,0.457031,0.525862,0.508789,0.135468,0.072266,0.383005,0.525391,0.174877,0.101562,0.471675,0.642578,0.027094,0.097656,0.0,0.0,0.0,0.0,0.0,0.0,0.0,0.0,0.0,0.0,0.0,0.0,0.0,0.0,0.0,0.0
watch549,0.496923,0.499231,0.510769,0.503077,0.506154,0.563846,0.030769,0.127692,0.407692,0.476154,0.178462,0.063077,0.333077,0.670769,0.013846,0.015385,0.0,0.0,0.0,0.0,0.0,0.0,0.0,0.0,0.0,0.0,0.0,0.0,0.0,0.0,0.0,0.0
watch54_rotated_-270,0.422996,0.522152,0.335443,0.327004,0.399789,0.551688,0.040084,0.052743,0.386076,0.471519,0.067511,0.090717,0.285865,0.515823,0.044304,0.035865,0.0,0.0,0.0,0.0,0.0,0.0,0.0,0.0,0.0,0.0,0.0,0.0,0.0,0.0,0.0,0.0
watch54_rotated_-90,0.577004,0.477848,0.335443,0.327004,0.600211,0.448312,0.040084,0.052743,0.613924,0.528481,0.067511,0.090717,0.714135,0.484177,0.044304,0.035865,0.0,0.0,0.0,0.0,0.0,0.0,0.0,0.0,0.0,0.0,0.0,0.0,0.0,0.0,0.0,0.0
watch54_rotated_180,0.522152,0.577004,0.327004,0.335443,0.551688,0.600211,0.052743,0.040084,0.471519,0.613924,0.090717,0.067511,0.515823,0.714135,0.035865,0.044304,0.0,0.0,0.0,0.0,0.0,0.0,0.0,0.0,0.0,0.0,0.0,0.0,0.0,0.0,0.0,0.0
watch550,0.517578,0.5,0.609375,0.783251,0.478516,0.557882,0.125,0.224138,0.456055,0.373153,0.119141,0.263547,0.259766,0.497537,0.085938,0.034483,0.0,0.0,0.0,0.0,0.0,0.0,0.0,0.0,0.0,0.0,0.0,0.0,0.0,0.0,0.0,0.0
watch551,0.519531,0.5,0.625,0.79803,0.463867,0.586207,0.099609,0.17734,0.457031,0.374384,0.117188,0.26601,0.257812,0.5,0.085938,0.034483,0.0,0.0,0.0,0.0,0.0,0.0,0.0,0.0,0.0,0.0,0.0,0.0,0.0,0.0,0.0,0.0
watch552,0.463,0.5195,0.52,0.513,0.4345,0.569,0.069,0.112,0.4205,0.445,0.105,0.162,0.289,0.5235,0.056,0.019,201.7162322998047,266.92315673828125,719.9034423828125,776.2548217773438,400.7789611816406,515.5152587890625,469.36798095703125,628.1121215820312,367.9358825683594,358.4836730957031,469.16290283203125,519.3994750976562,260.07647705078125,511.76348876953125,316.7574768066406,530.2760009765625
watch553,0.527189,0.509887,0.348164,0.347458,0.562853,0.49435,0.083333,0.021186,0.509887,0.564972,0.026836,0.120056,0.607345,0.585805,0.031073,0.028955,504.13409423828125,474.2364501953125,994.3258666992188,962.6110229492188,734.9880981445312,685.7915649414062,858.4470825195312,714.8676147460938,702.88916015625,712.9440307617188,739.6455078125,887.1376342773438,838.4017944335938,809.217041015625,890.09521484375,860.286865234375
watch554,0.510769,0.487692,0.295385,0.298462,0.499231,0.451538,0.016923,0.078462,0.558462,0.5,0.107692,0.033846,0.585385,0.413077,0.032308,0.035385,235.22027587890625,221.5853271484375,424.15338134765625,408.904541015625,320.97808837890625,269.09149169921875,332.9384765625,318.5019226074219,326.7831726074219,314.73681640625,399.43804931640625,334.3285217285156,369.5531005859375,256.6996154785156,392.9375305175781,279.210205078125
watch555,0.484615,0.493846,0.310769,0.307692,0.449231,0.497692,0.08,0.02,0.5,0.440769,0.030769,0.118462,0.408462,0.409231,0.041538,0.033846,214.49960327148438,219.139892578125,416.2746276855469,417.7529602050781,265.39105224609375,317.26373291015625,317.6776428222656,329.19805908203125,312.94818115234375,246.5469512939453,335.001220703125,320.5582580566406,254.71066284179688,254.9302215576172,277.5289001464844,278.3321533203125
watch556,0.52162,0.478989,0.358709,0.359927,0.510049,0.444884,0.023752,0.087089,0.579172,0.491778,0.121803,0.03106,0.596529,0.399513,0.051766,0.056029,561.5505981445312,495.77154541015625,1152.89208984375,1070.243408203125,819.8075561523438,660.0482177734375,860.125,794.100830078125,849.0851440429688,781.5597534179688,1054.09619140625,828.9376831054688,936.4158935546875,611.5117797851562,1026.8726806640625,704.3636474609375
watch557,0.544727,0.50119,0.466102,0.378571,0.572034,0.463095,0.066855,0.081746,0.59275,0.561508,0.102637,0.12619,0.701977,0.496429,0.059322,0.061111,0.0,0.0,0.0,0.0,0.0,0.0,0.0,0.0,0.0,0.0,0.0,0.0,0.0,0.0,0.0,0.0
watch558,0.444444,0.502381,0.455744,0.387302,0.405367,0.543254,0.074388,0.09127,0.399718,0.431746,0.085687,0.147619,0.296139,0.498413,0.078154,0.036508,0.0,0.0,0.0,0.0,0.0,0.0,0.0,0.0,0.0,0.0,0.0,0.0,0.0,0.0,0.0,0.0
watch559,0.499603,0.559322,0.399206,0.47646,0.544048,0.594633,0.096032,0.096987,0.430556,0.597928,0.143651,0.097928,0.500794,0.704802,0.039683,0.080038,0.0,0.0,0.0,0.0,0.0,0.0,0.0,0.0,0.0,0.0,0.0,0.0,0.0,0.0,0.0,0.0
watch55_rotated_-270,0.509107,0.513713,0.220401,0.297468,0.474499,0.531646,0.060109,0.033755,0.508197,0.446203,0.021858,0.128692,0.430783,0.444093,0.034608,0.031646,0.0,0.0,0.0,0.0,0.0,0.0,0.0,0.0,0.0,0.0,0.0,0.0,0.0,0.0,0.0,0.0
watch55_rotated_-90,0.490893,0.486287,0.220401,0.297468,0.525501,0.468354,0.060109,0.033755,0.491803,0.553797,0.021858,0.128692,0.569217,0.555907,0.034608,0.031646,0.0,0.0,0.0,0.0,0.0,0.0,0.0,0.0,0.0,0.0,0.0,0.0,0.0,0.0,0.0,0.0
watch55_rotated_180,0.513713,0.490893,0.297468,0.220401,0.531646,0.525501,0.033755,0.060109,0.446203,0.491803,0.128692,0.021858,0.444093,0.569217,0.031646,0.034608,0.0,0.0,0.0,0.0,0.0,0.0,0.0,0.0,0.0,0.0,0.0,0.0,0.0,0.0,0.0,0.0
watch560,0.512658,0.446203,0.417722,0.402954,0.458861,0.407173,0.086498,0.054852,0.525316,0.359705,0.021097,0.137131,0.514768,0.265823,0.042194,0.046414,0.0,0.0,0.0,0.0,0.0,0.0,0.0,0.0,0.0,0.0,0.0,0.0,0.0,0.0,0.0,0.0
watch561,0.512658,0.464552,0.586498,0.518657,0.437764,0.45056,0.149789,0.039179,0.605485,0.399254,0.164557,0.126866,0.421941,0.295709,0.080169,0.080224,0.0,0.0,0.0,0.0,0.0,0.0,0.0,0.0,0.0,0.0,0.0,0.0,0.0,0.0,0.0,0.0
watch562,0.464135,0.418085,0.616034,0.517021,0.517932,0.339362,0.078059,0.146809,0.581224,0.47766,0.200422,0.108511,0.707806,0.355319,0.090717,0.089362,0.0,0.0,0.0,0.0,0.0,0.0,0.0,0.0,0.0,0.0,0.0,0.0,0.0,0.0,0.0,0.0
watch56_rotated_-270,0.470464,0.515823,0.392405,0.386076,0.429325,0.56962,0.06962,0.097046,0.438819,0.432489,0.063291,0.151899,0.316456,0.514768,0.050633,0.042194,0.0,0.0,0.0,0.0,0.0,0.0,0.0,0.0,0.0,0.0,0.0,0.0,0.0,0.0,0.0,0.0
watch56_rotated_-90,0.529536,0.484177,0.392405,0.386076,0.570675,0.43038,0.06962,0.097046,0.561181,0.567511,0.063291,0.151899,0.683544,0.485232,0.050633,0.042194,0.0,0.0,0.0,0.0,0.0,0.0,0.0,0.0,0.0,0.0,0.0,0.0,0.0,0.0,0.0,0.0
watch56_rotated_180,0.515823,0.529536,0.386076,0.392405,0.56962,0.570675,0.097046,0.06962,0.432489,0.561181,0.151899,0.063291,0.514768,0.683544,0.042194,0.050633,0.0,0.0,0.0,0.0,0.0,0.0,0.0,0.0,0.0,0.0,0.0,0.0,0.0,0.0,0.0,0.0
watch57_rotated_-270,0.392523,0.540084,0.366355,0.413502,0.364486,0.590717,0.048598,0.092827,0.345794,0.471519,0.078505,0.107595,0.22243,0.560127,0.02243,0.040084,0.0,0.0,0.0,0.0,0.0,0.0,0.0,0.0,0.0,0.0,0.0,0.0,0.0,0.0,0.0,0.0
watch57_rotated_-90,0.607477,0.459916,0.366355,0.413502,0.635514,0.409283,0.048598,0.092827,0.654206,0.528481,0.078505,0.107595,0.77757,0.439873,0.02243,0.040084,0.0,0.0,0.0,0.0,0.0,0.0,0.0,0.0,0.0,0.0,0.0,0.0,0.0,0.0,0.0,0.0
watch57_rotated_180,0.540084,0.607477,0.413502,0.366355,0.590717,0.635514,0.092827,0.048598,0.471519,0.654206,0.107595,0.078505,0.560127,0.77757,0.040084,0.02243,0.0,0.0,0.0,0.0,0.0,0.0,0.0,0.0,0.0,0.0,0.0,0.0,0.0,0.0,0.0,0.0
watch58_rotated_-270,0.419831,0.490506,0.388186,0.398734,0.375527,0.531646,0.067511,0.067511,0.366034,0.424051,0.090717,0.122363,0.245781,0.457806,0.035865,0.029536,0.0,0.0,0.0,0.0,0.0,0.0,0.0,0.0,0.0,0.0,0.0,0.0,0.0,0.0,0.0,0.0
watch58_rotated_-90,0.580169,0.509494,0.388186,0.398734,0.624473,0.468354,0.067511,0.067511,0.633966,0.575949,0.090717,0.122363,0.754219,0.542194,0.035865,0.029536,0.0,0.0,0.0,0.0,0.0,0.0,0.0,0.0,0.0,0.0,0.0,0.0,0.0,0.0,0.0,0.0
watch58_rotated_180,0.490506,0.580169,0.398734,0.388186,0.531646,0.624473,0.067511,0.067511,0.424051,0.633966,0.122363,0.090717,0.457806,0.754219,0.029536,0.035865,0.0,0.0,0.0,0.0,0.0,0.0,0.0,0.0,0.0,0.0,0.0,0.0,0.0,0.0,0.0,0.0
watch59_rotated_-270,0.377637,0.561181,0.371308,0.396624,0.311181,0.577004,0.116034,0.035865,0.408228,0.476793,0.061181,0.135021,0.256329,0.46308,0.065401,0.056962,0.0,0.0,0.0,0.0,0.0,0.0,0.0,0.0,0.0,0.0,0.0,0.0,0.0,0.0,0.0,0.0
watch59_rotated_-90,0.622363,0.438819,0.371308,0.396624,0.688819,0.422996,0.116034,0.035865,0.591772,0.523207,0.061181,0.135021,0.743671,0.53692,0.065401,0.056962,0.0,0.0,0.0,0.0,0.0,0.0,0.0,0.0,0.0,0.0,0.0,0.0,0.0,0.0,0.0,0.0
watch59_rotated_180,0.561181,0.622363,0.396624,0.371308,0.577004,0.688819,0.035865,0.116034,0.476793,0.591772,0.135021,0.061181,0.46308,0.743671,0.056962,0.065401,0.0,0.0,0.0,0.0,0.0,0.0,0.0,0.0,0.0,0.0,0.0,0.0,0.0,0.0,0.0,0.0
watch5_rotated_-270,0.464444,0.5,0.617778,0.635556,0.4,0.553333,0.124444,0.102222,0.402222,0.386667,0.093333,0.186667,0.235556,0.426667,0.097778,0.088889,0.0,0.0,0.0,0.0,0.0,0.0,0.0,0.0,0.0,0.0,0.0,0.0,0.0,0.0,0.0,0.0
watch5_rotated_-90,0.535556,0.5,0.617778,0.635556,0.6,0.446667,0.124444,0.102222,0.597778,0.613333,0.093333,0.186667,0.764444,0.573333,0.097778,0.088889,0.0,0.0,0.0,0.0,0.0,0.0,0.0,0.0,0.0,0.0,0.0,0.0,0.0,0.0,0.0,0.0
watch5_rotated_180,0.5,0.535556,0.635556,0.617778,0.553333,0.6,0.102222,0.124444,0.386667,0.597778,0.186667,0.093333,0.426667,0.764444,0.088889,0.097778,0.0,0.0,0.0,0.0,0.0,0.0,0.0,0.0,0.0,0.0,0.0,0.0,0.0,0.0,0.0,0.0
watch60_rotated_-270,0.493671,0.459916,0.371308,0.312236,0.459916,0.508439,0.050633,0.080169,0.424051,0.408228,0.113924,0.078059,0.337553,0.464135,0.054852,0.059072,0.0,0.0,0.0,0.0,0.0,0.0,0.0,0.0,0.0,0.0,0.0,0.0,0.0,0.0,0.0,0.0
watch60_rotated_-90,0.506329,0.540084,0.371308,0.312236,0.540084,0.491561,0.050633,0.080169,0.575949,0.591772,0.113924,0.078059,0.662447,0.535865,0.054852,0.059072,0.0,0.0,0.0,0.0,0.0,0.0,0.0,0.0,0.0,0.0,0.0,0.0,0.0,0.0,0.0,0.0
watch60_rotated_180,0.459916,0.506329,0.312236,0.371308,0.508439,0.540084,0.080169,0.050633,0.408228,0.575949,0.078059,0.113924,0.464135,0.662447,0.059072,0.054852,0.0,0.0,0.0,0.0,0.0,0.0,0.0,0.0,0.0,0.0,0.0,0.0,0.0,0.0,0.0,0.0
watch61_rotated_-270,0.501055,0.476793,0.504219,0.50211,0.565401,0.468354,0.092827,0.037975,0.597046,0.53481,0.172996,0.086498,0.345992,0.586498,0.088608,0.080169,0.0,0.0,0.0,0.0,0.0,0.0,0.0,0.0,0.0,0.0,0.0,0.0,0.0,0.0,0.0,0.0
watch61_rotated_-90,0.498945,0.523207,0.504219,0.50211,0.434599,0.531646,0.092827,0.037975,0.402954,0.46519,0.172996,0.086498,0.654008,0.413502,0.088608,0.080169,117.4573745727539,125.35575866699219,358.89776611328125,366.50286865234375,182.35389709472656,244.82794189453125,230.2674102783203,261.5233459472656,150.6827850341797,202.54013061523438,229.31808471679688,243.95745849609375,289.53466796875,176.45831298828125,328.7391662597656,216.25054931640625
watch61_rotated_180,0.476793,0.498945,0.50211,0.504219,0.468354,0.434599,0.037975,0.092827,0.53481,0.402954,0.086498,0.172996,0.586498,0.654008,0.080169,0.088608,0.0,0.0,0.0,0.0,0.0,0.0,0.0,0.0,0.0,0.0,0.0,0.0,0.0,0.0,0.0,0.0
watch62,0.416667,0.361814,0.483122,0.411392,0.413502,0.28481,0.025316,0.109705,0.509494,0.368143,0.183544,0.040084,0.574895,0.229958,0.086498,0.075949,0.0,0.0,0.0,0.0,0.0,0.0,0.0,0.0,0.0,0.0,0.0,0.0,0.0,0.0,0.0,0.0
watch62_rotated_-270,0.361814,0.583333,0.411392,0.483122,0.28481,0.586498,0.109705,0.025316,0.368143,0.490506,0.040084,0.183544,0.229958,0.425105,0.075949,0.086498,0.0,0.0,0.0,0.0,0.0,0.0,0.0,0.0,0.0,0.0,0.0,0.0,0.0,0.0,0.0,0.0
watch62_rotated_-90,0.638186,0.416667,0.411392,0.483122,0.71519,0.413502,0.109705,0.025316,0.631857,0.509494,0.040084,0.183544,0.770042,0.574895,0.075949,0.086498,0.0,0.0,0.0,0.0,0.0,0.0,0.0,0.0,0.0,0.0,0.0,0.0,0.0,0.0,0.0,0.0
watch62_rotated_180,0.583333,0.638186,0.483122,0.411392,0.586498,0.71519,0.025316,0.109705,0.490506,0.631857,0.183544,0.040084,0.425105,0.770042,0.086498,0.075949,0.0,0.0,0.0,0.0,0.0,0.0,0.0,0.0,0.0,0.0,0.0,0.0,0.0,0.0,0.0,0.0
watch63,0.514768,0.512658,0.561181,0.552743,0.432489,0.508439,0.130802,0.029536,0.610759,0.451477,0.162447,0.113924,0.506329,0.315401,0.059072,0.086498,0.0,0.0,0.0,0.0,0.0,0.0,0.0,0.0,0.0,0.0,0.0,0.0,0.0,0.0,0.0,0.0
watch63_rotated_-270,0.512658,0.485232,0.552743,0.561181,0.508439,0.567511,0.029536,0.130802,0.451477,0.389241,0.113924,0.162447,0.315401,0.493671,0.086498,0.059072,0.0,0.0,0.0,0.0,0.0,0.0,0.0,0.0,0.0,0.0,0.0,0.0,0.0,0.0,0.0,0.0
watch63_rotated_-90,0.487342,0.514768,0.552743,0.561181,0.491561,0.432489,0.029536,0.130802,0.548523,0.610759,0.113924,0.162447,0.684599,0.506329,0.086498,0.059072,0.0,0.0,0.0,0.0,0.0,0.0,0.0,0.0,0.0,0.0,0.0,0.0,0.0,0.0,0.0,0.0
watch63_rotated_180,0.485232,0.487342,0.561181,0.552743,0.567511,0.491561,0.130802,0.029536,0.389241,0.548523,0.162447,0.113924,0.493671,0.684599,0.059072,0.086498,0.0,0.0,0.0,0.0,0.0,0.0,0.0,0.0,0.0,0.0,0.0,0.0,0.0,0.0,0.0,0.0
watch64,0.475738,0.42616,0.512658,0.50211,0.408228,0.380802,0.116034,0.082278,0.568565,0.35443,0.162447,0.151899,0.475738,0.21097,0.023207,0.042194,0.0,0.0,0.0,0.0,0.0,0.0,0.0,0.0,0.0,0.0,0.0,0.0,0.0,0.0,0.0,0.0
watch64_rotated_-270,0.42616,0.524262,0.50211,0.512658,0.380802,0.591772,0.082278,0.116034,0.35443,0.431435,0.151899,0.162447,0.21097,0.524262,0.042194,0.023207,0.0,0.0,0.0,0.0,0.0,0.0,0.0,0.0,0.0,0.0,0.0,0.0,0.0,0.0,0.0,0.0
watch64_rotated_-90,0.57384,0.475738,0.50211,0.512658,0.619198,0.408228,0.082278,0.116034,0.64557,0.568565,0.151899,0.162447,0.78903,0.475738,0.042194,0.023207,0.0,0.0,0.0,0.0,0.0,0.0,0.0,0.0,0.0,0.0,0.0,0.0,0.0,0.0,0.0,0.0
watch64_rotated_180,0.524262,0.57384,0.512658,0.50211,0.591772,0.619198,0.116034,0.082278,0.431435,0.64557,0.162447,0.151899,0.524262,0.78903,0.023207,0.042194,0.0,0.0,0.0,0.0,0.0,0.0,0.0,0.0,0.0,0.0,0.0,0.0,0.0,0.0,0.0,0.0
watch65,0.315401,0.490506,0.618143,0.732068,0.224684,0.435654,0.128692,0.065401,0.419831,0.330169,0.21097,0.280591,0.352321,0.189873,0.042194,0.050633,0.0,0.0,0.0,0.0,0.0,0.0,0.0,0.0,0.0,0.0,0.0,0.0,0.0,0.0,0.0,0.0
watch65_rotated_-270,0.490506,0.684599,0.732068,0.618143,0.435654,0.775316,0.065401,0.128692,0.330169,0.580169,0.280591,0.21097,0.189873,0.647679,0.050633,0.042194,0.0,0.0,0.0,0.0,0.0,0.0,0.0,0.0,0.0,0.0,0.0,0.0,0.0,0.0,0.0,0.0
watch65_rotated_-90,0.509494,0.315401,0.732068,0.618143,0.564346,0.224684,0.065401,0.128692,0.669831,0.419831,0.280591,0.21097,0.810127,0.352321,0.050633,0.042194,0.0,0.0,0.0,0.0,0.0,0.0,0.0,0.0,0.0,0.0,0.0,0.0,0.0,0.0,0.0,0.0
watch65_rotated_180,0.684599,0.509494,0.618143,0.732068,0.775316,0.564346,0.128692,0.065401,0.580169,0.669831,0.21097,0.280591,0.647679,0.810127,0.042194,0.050633,0.0,0.0,0.0,0.0,0.0,0.0,0.0,0.0,0.0,0.0,0.0,0.0,0.0,0.0,0.0,0.0
watch66,0.479958,0.440928,0.478903,0.472574,0.419831,0.399789,0.109705,0.078059,0.584388,0.39557,0.189873,0.086498,0.482068,0.257384,0.044304,0.084388,0.0,0.0,0.0,0.0,0.0,0.0,0.0,0.0,0.0,0.0,0.0,0.0,0.0,0.0,0.0,0.0
watch66_rotated_-270,0.440928,0.520042,0.472574,0.478903,0.399789,0.580169,0.078059,0.109705,0.39557,0.415612,0.086498,0.189873,0.257384,0.517932,0.084388,0.044304,0.0,0.0,0.0,0.0,0.0,0.0,0.0,0.0,0.0,0.0,0.0,0.0,0.0,0.0,0.0,0.0
watch66_rotated_-90,0.559072,0.479958,0.472574,0.478903,0.600211,0.419831,0.078059,0.109705,0.60443,0.584388,0.086498,0.189873,0.742616,0.482068,0.084388,0.044304,0.0,0.0,0.0,0.0,0.0,0.0,0.0,0.0,0.0,0.0,0.0,0.0,0.0,0.0,0.0,0.0
watch66_rotated_180,0.520042,0.559072,0.478903,0.472574,0.580169,0.600211,0.109705,0.078059,0.415612,0.60443,0.189873,0.086498,0.517932,0.742616,0.044304,0.084388,0.0,0.0,0.0,0.0,0.0,0.0,0.0,0.0,0.0,0.0,0.0,0.0,0.0,0.0,0.0,0.0
watch67,0.385021,0.469409,0.398734,0.415612,0.342827,0.522152,0.082278,0.086498,0.361814,0.373418,0.048523,0.164557,0.239451,0.448312,0.065401,0.044304,0.0,0.0,0.0,0.0,0.0,0.0,0.0,0.0,0.0,0.0,0.0,0.0,0.0,0.0,0.0,0.0
watch67_rotated_-270,0.469409,0.614979,0.415612,0.398734,0.522152,0.657173,0.086498,0.082278,0.373418,0.638186,0.164557,0.048523,0.448312,0.760549,0.044304,0.065401,0.0,0.0,0.0,0.0,0.0,0.0,0.0,0.0,0.0,0.0,0.0,0.0,0.0,0.0,0.0,0.0
watch67_rotated_-90,0.530591,0.385021,0.415612,0.398734,0.477848,0.342827,0.086498,0.082278,0.626582,0.361814,0.164557,0.048523,0.551688,0.239451,0.044304,0.065401,0.0,0.0,0.0,0.0,0.0,0.0,0.0,0.0,0.0,0.0,0.0,0.0,0.0,0.0,0.0,0.0
watch67_rotated_180,0.614979,0.530591,0.398734,0.415612,0.657173,0.477848,0.082278,0.086498,0.638186,0.626582,0.048523,0.164557,0.760549,0.551688,0.065401,0.044304,0.0,0.0,0.0,0.0,0.0,0.0,0.0,0.0,0.0,0.0,0.0,0.0,0.0,0.0,0.0,0.0
watch68,0.459916,0.449367,0.472574,0.481013,0.404008,0.408228,0.099156,0.07384,0.559072,0.392405,0.177215,0.118143,0.475738,0.242616,0.027426,0.042194,0.0,0.0,0.0,0.0,0.0,0.0,0.0,0.0,0.0,0.0,0.0,0.0,0.0,0.0,0.0,0.0
watch68_rotated_-270,0.449367,0.540084,0.481013,0.472574,0.408228,0.595992,0.07384,0.099156,0.392405,0.440928,0.118143,0.177215,0.242616,0.524262,0.042194,0.027426,0.0,0.0,0.0,0.0,0.0,0.0,0.0,0.0,0.0,0.0,0.0,0.0,0.0,0.0,0.0,0.0
watch68_rotated_-90,0.550633,0.459916,0.481013,0.472574,0.591772,0.404008,0.07384,0.099156,0.607595,0.559072,0.118143,0.177215,0.757384,0.475738,0.042194,0.027426,0.0,0.0,0.0,0.0,0.0,0.0,0.0,0.0,0.0,0.0,0.0,0.0,0.0,0.0,0.0,0.0
watch68_rotated_180,0.540084,0.550633,0.472574,0.481013,0.595992,0.591772,0.099156,0.07384,0.440928,0.607595,0.177215,0.118143,0.524262,0.757384,0.027426,0.042194,0.0,0.0,0.0,0.0,0.0,0.0,0.0,0.0,0.0,0.0,0.0,0.0,0.0,0.0,0.0,0.0
watch69,0.550633,0.477848,0.561181,0.609705,0.660338,0.492616,0.135021,0.023207,0.684599,0.459916,0.187764,0.042194,0.477848,0.253165,0.065401,0.101266,0.0,0.0,0.0,0.0,0.0,0.0,0.0,0.0,0.0,0.0,0.0,0.0,0.0,0.0,0.0,0.0
watch69_rotated_-270,0.477848,0.449367,0.609705,0.561181,0.492616,0.339662,0.023207,0.135021,0.459916,0.315401,0.042194,0.187764,0.253165,0.522152,0.101266,0.065401,0.0,0.0,0.0,0.0,0.0,0.0,0.0,0.0,0.0,0.0,0.0,0.0,0.0,0.0,0.0,0.0
watch69_rotated_-90,0.522152,0.550633,0.609705,0.561181,0.507384,0.660338,0.023207,0.135021,0.540084,0.684599,0.042194,0.187764,0.746835,0.477848,0.101266,0.065401,0.0,0.0,0.0,0.0,0.0,0.0,0.0,0.0,0.0,0.0,0.0,0.0,0.0,0.0,0.0,0.0
watch69_rotated_180,0.449367,0.522152,0.561181,0.609705,0.339662,0.507384,0.135021,0.023207,0.315401,0.540084,0.187764,0.042194,0.522152,0.746835,0.065401,0.101266,0.0,0.0,0.0,0.0,0.0,0.0,0.0,0.0,0.0,0.0,0.0,0.0,0.0,0.0,0.0,0.0
watch6_rotated_-270,0.568376,0.502849,0.669516,0.675214,0.529915,0.628205,0.102564,0.213675,0.42735,0.502849,0.233618,0.042735,0.0,0.0,0.0,0.0,0.0,0.0,0.0,0.0,0.0,0.0,0.0,0.0,0.0,0.0,0.0,0.0,0.0,0.0,0.0,0.0
watch6_rotated_-90,0.431624,0.497151,0.669516,0.675214,0.470085,0.371795,0.102564,0.213675,0.57265,0.497151,0.233618,0.042735,0.0,0.0,0.0,0.0,0.0,0.0,0.0,0.0,0.0,0.0,0.0,0.0,0.0,0.0,0.0,0.0,0.0,0.0,0.0,0.0
watch6_rotated_180,0.502849,0.431624,0.675214,0.669516,0.628205,0.470085,0.213675,0.102564,0.502849,0.57265,0.042735,0.233618,0.0,0.0,0.0,0.0,0.0,0.0,0.0,0.0,0.0,0.0,0.0,0.0,0.0,0.0,0.0,0.0,0.0,0.0,0.0,0.0
watch70,0.481013,0.432489,0.459916,0.451477,0.422996,0.390295,0.103376,0.075949,0.567511,0.368143,0.160338,0.120253,0.487342,0.25,0.042194,0.065401,0.0,0.0,0.0,0.0,0.0,0.0,0.0,0.0,0.0,0.0,0.0,0.0,0.0,0.0,0.0,0.0
watch70_rotated_-270,0.432489,0.518987,0.451477,0.459916,0.390295,0.577004,0.075949,0.103376,0.368143,0.432489,0.120253,0.160338,0.25,0.512658,0.065401,0.042194,0.0,0.0,0.0,0.0,0.0,0.0,0.0,0.0,0.0,0.0,0.0,0.0,0.0,0.0,0.0,0.0
watch70_rotated_-90,0.567511,0.481013,0.451477,0.459916,0.609705,0.422996,0.075949,0.103376,0.631857,0.567511,0.120253,0.160338,0.75,0.487342,0.065401,0.042194,0.0,0.0,0.0,0.0,0.0,0.0,0.0,0.0,0.0,0.0,0.0,0.0,0.0,0.0,0.0,0.0
watch70_rotated_180,0.518987,0.567511,0.459916,0.451477,0.577004,0.609705,0.103376,0.075949,0.432489,0.631857,0.160338,0.120253,0.512658,0.75,0.042194,0.065401,0.0,0.0,0.0,0.0,0.0,0.0,0.0,0.0,0.0,0.0,0.0,0.0,0.0,0.0,0.0,0.0
watch71,0.459916,0.447257,0.476793,0.489451,0.413502,0.410338,0.092827,0.06962,0.541139,0.383966,0.128692,0.122363,0.4673,0.270042,0.052743,0.092827,0.0,0.0,0.0,0.0,0.0,0.0,0.0,0.0,0.0,0.0,0.0,0.0,0.0,0.0,0.0,0.0
watch71_rotated_-270,0.447257,0.540084,0.489451,0.476793,0.410338,0.586498,0.06962,0.092827,0.383966,0.458861,0.122363,0.128692,0.270042,0.5327,0.092827,0.052743,0.0,0.0,0.0,0.0,0.0,0.0,0.0,0.0,0.0,0.0,0.0,0.0,0.0,0.0,0.0,0.0
watch71_rotated_-90,0.552743,0.459916,0.489451,0.476793,0.589662,0.413502,0.06962,0.092827,0.616034,0.541139,0.122363,0.128692,0.729958,0.4673,0.092827,0.052743,0.0,0.0,0.0,0.0,0.0,0.0,0.0,0.0,0.0,0.0,0.0,0.0,0.0,0.0,0.0,0.0
watch71_rotated_180,0.540084,0.552743,0.476793,0.489451,0.586498,0.589662,0.092827,0.06962,0.458861,0.616034,0.128692,0.122363,0.5327,0.729958,0.052743,0.092827,0.0,0.0,0.0,0.0,0.0,0.0,0.0,0.0,0.0,0.0,0.0,0.0,0.0,0.0,0.0,0.0
watch72,0.441983,0.466377,0.584388,0.603037,0.504219,0.503254,0.122363,0.065076,0.329114,0.422993,0.189873,0.08243,0.434599,0.251627,0.067511,0.117137,0.0,0.0,0.0,0.0,0.0,0.0,0.0,0.0,0.0,0.0,0.0,0.0,0.0,0.0,0.0,0.0
watch72_rotated_-270,0.466377,0.558017,0.603037,0.584388,0.503254,0.495781,0.065076,0.122363,0.422993,0.670886,0.08243,0.189873,0.251627,0.565401,0.117137,0.067511,0.0,0.0,0.0,0.0,0.0,0.0,0.0,0.0,0.0,0.0,0.0,0.0,0.0,0.0,0.0,0.0
watch72_rotated_-90,0.533623,0.441983,0.603037,0.584388,0.496746,0.504219,0.065076,0.122363,0.577007,0.329114,0.08243,0.189873,0.748373,0.434599,0.117137,0.067511,0.0,0.0,0.0,0.0,0.0,0.0,0.0,0.0,0.0,0.0,0.0,0.0,0.0,0.0,0.0,0.0
watch72_rotated_180,0.558017,0.533623,0.584388,0.603037,0.495781,0.496746,0.122363,0.065076,0.670886,0.577007,0.189873,0.08243,0.565401,0.748373,0.067511,0.117137,0.0,0.0,0.0,0.0,0.0,0.0,0.0,0.0,0.0,0.0,0.0,0.0,0.0,0.0,0.0,0.0
watch73,0.46097,0.454641,0.466245,0.466245,0.413502,0.415612,0.092827,0.063291,0.564346,0.406118,0.162447,0.090717,0.473629,0.279536,0.027426,0.065401,0.0,0.0,0.0,0.0,0.0,0.0,0.0,0.0,0.0,0.0,0.0,0.0,0.0,0.0,0.0,0.0
watch73_rotated_-270,0.454641,0.53903,0.466245,0.466245,0.415612,0.586498,0.063291,0.092827,0.406118,0.435654,0.090717,0.162447,0.279536,0.526371,0.065401,0.027426,0.0,0.0,0.0,0.0,0.0,0.0,0.0,0.0,0.0,0.0,0.0,0.0,0.0,0.0,0.0,0.0
watch73_rotated_-90,0.545359,0.46097,0.466245,0.466245,0.584388,0.413502,0.063291,0.092827,0.593882,0.564346,0.090717,0.162447,0.720464,0.473629,0.065401,0.027426,0.0,0.0,0.0,0.0,0.0,0.0,0.0,0.0,0.0,0.0,0.0,0.0,0.0,0.0,0.0,0.0
watch73_rotated_180,0.53903,0.545359,0.466245,0.466245,0.586498,0.584388,0.092827,0.063291,0.435654,0.593882,0.162447,0.090717,0.526371,0.720464,0.027426,0.065401,0.0,0.0,0.0,0.0,0.0,0.0,0.0,0.0,0.0,0.0,0.0,0.0,0.0,0.0,0.0,0.0
watch74_rotated_-270,0.520042,0.493671,0.618143,0.628692,0.477848,0.555907,0.061181,0.094937,0.459916,0.402954,0.097046,0.151899,0.325949,0.494726,0.090717,0.035865,0.0,0.0,0.0,0.0,0.0,0.0,0.0,0.0,0.0,0.0,0.0,0.0,0.0,0.0,0.0,0.0
watch74_rotated_-90,0.479958,0.506329,0.618143,0.628692,0.522152,0.444093,0.061181,0.094937,0.540084,0.597046,0.097046,0.151899,0.674051,0.505274,0.090717,0.035865,0.0,0.0,0.0,0.0,0.0,0.0,0.0,0.0,0.0,0.0,0.0,0.0,0.0,0.0,0.0,0.0
watch74_rotated_180,0.493671,0.479958,0.628692,0.618143,0.555907,0.522152,0.094937,0.061181,0.402954,0.540084,0.151899,0.097046,0.494726,0.674051,0.035865,0.090717,0.0,0.0,0.0,0.0,0.0,0.0,0.0,0.0,0.0,0.0,0.0,0.0,0.0,0.0,0.0,0.0
watch75_rotated_-270,0.437764,0.523207,0.57173,0.565401,0.466245,0.522152,0.088608,0.023207,0.394515,0.584388,0.07173,0.105485,0.233122,0.520042,0.052743,0.018987,0.0,0.0,0.0,0.0,0.0,0.0,0.0,0.0,0.0,0.0,0.0,0.0,0.0,0.0,0.0,0.0
watch75_rotated_-90,0.562236,0.476793,0.57173,0.565401,0.533755,0.477848,0.088608,0.023207,0.605485,0.415612,0.07173,0.105485,0.766878,0.479958,0.052743,0.018987,0.0,0.0,0.0,0.0,0.0,0.0,0.0,0.0,0.0,0.0,0.0,0.0,0.0,0.0,0.0,0.0
watch75_rotated_180,0.523207,0.562236,0.565401,0.57173,0.522152,0.533755,0.023207,0.088608,0.584388,0.605485,0.105485,0.07173,0.520042,0.766878,0.018987,0.052743,0.0,0.0,0.0,0.0,0.0,0.0,0.0,0.0,0.0,0.0,0.0,0.0,0.0,0.0,0.0,0.0
watch76_rotated_-270,0.46308,0.541139,0.478903,0.474684,0.487342,0.543249,0.067511,0.010549,0.422996,0.591772,0.078059,0.107595,0.261603,0.537975,0.067511,0.029536,0.0,0.0,0.0,0.0,0.0,0.0,0.0,0.0,0.0,0.0,0.0,0.0,0.0,0.0,0.0,0.0
watch76_rotated_-90,0.53692,0.458861,0.478903,0.474684,0.512658,0.456751,0.067511,0.010549,0.577004,0.408228,0.078059,0.107595,0.738397,0.462025,0.067511,0.029536,0.0,0.0,0.0,0.0,0.0,0.0,0.0,0.0,0.0,0.0,0.0,0.0,0.0,0.0,0.0,0.0
watch76_rotated_180,0.541139,0.53692,0.474684,0.478903,0.543249,0.512658,0.010549,0.067511,0.591772,0.577004,0.107595,0.078059,0.537975,0.738397,0.029536,0.067511,0.0,0.0,0.0,0.0,0.0,0.0,0.0,0.0,0.0,0.0,0.0,0.0,0.0,0.0,0.0,0.0
watch77_rotated_-270,0.445148,0.515823,0.49789,0.5,0.473629,0.518987,0.090717,0.016878,0.39557,0.578059,0.082278,0.109705,0.255274,0.515823,0.075949,0.031646,0.0,0.0,0.0,0.0,0.0,0.0,0.0,0.0,0.0,0.0,0.0,0.0,0.0,0.0,0.0,0.0
watch77_rotated_-90,0.554852,0.484177,0.49789,0.5,0.526371,0.481013,0.090717,0.016878,0.60443,0.421941,0.082278,0.109705,0.744726,0.484177,0.075949,0.031646,0.0,0.0,0.0,0.0,0.0,0.0,0.0,0.0,0.0,0.0,0.0,0.0,0.0,0.0,0.0,0.0
watch77_rotated_180,0.515823,0.554852,0.5,0.49789,0.518987,0.526371,0.016878,0.090717,0.578059,0.60443,0.109705,0.082278,0.515823,0.744726,0.031646,0.075949,0.0,0.0,0.0,0.0,0.0,0.0,0.0,0.0,0.0,0.0,0.0,0.0,0.0,0.0,0.0,0.0
watch78_rotated_-270,0.433544,0.744726,0.474684,0.468354,0.46308,0.745781,0.065401,0.018987,0.400844,0.794304,0.075949,0.103376,0.271097,0.740506,0.06962,0.016878,0.0,0.0,0.0,0.0,0.0,0.0,0.0,0.0,0.0,0.0,0.0,0.0,0.0,0.0,0.0,0.0
watch78_rotated_-90,0.566456,0.255274,0.474684,0.468354,0.53692,0.254219,0.065401,0.018987,0.599156,0.205696,0.075949,0.103376,0.728903,0.259494,0.06962,0.016878,0.0,0.0,0.0,0.0,0.0,0.0,0.0,0.0,0.0,0.0,0.0,0.0,0.0,0.0,0.0,0.0
watch78_rotated_180,0.744726,0.566456,0.468354,0.474684,0.745781,0.53692,0.018987,0.065401,0.794304,0.599156,0.103376,0.075949,0.740506,0.728903,0.016878,0.06962,0.0,0.0,0.0,0.0,0.0,0.0,0.0,0.0,0.0,0.0,0.0,0.0,0.0,0.0,0.0,0.0
watch79_rotated_-270,0.514768,0.505274,0.434599,0.440928,0.541139,0.446203,0.056962,0.120253,0.602321,0.525316,0.166667,0.042194,0.512658,0.657173,0.046414,0.052743,0.0,0.0,0.0,0.0,0.0,0.0,0.0,0.0,0.0,0.0,0.0,0.0,0.0,0.0,0.0,0.0
watch79_rotated_-90,0.485232,0.494726,0.434599,0.440928,0.458861,0.553797,0.056962,0.120253,0.397679,0.474684,0.166667,0.042194,0.487342,0.342827,0.046414,0.052743,0.0,0.0,0.0,0.0,0.0,0.0,0.0,0.0,0.0,0.0,0.0,0.0,0.0,0.0,0.0,0.0
watch79_rotated_180,0.505274,0.485232,0.440928,0.434599,0.446203,0.458861,0.120253,0.056962,0.525316,0.397679,0.042194,0.166667,0.657173,0.487342,0.052743,0.046414,0.0,0.0,0.0,0.0,0.0,0.0,0.0,0.0,0.0,0.0,0.0,0.0,0.0,0.0,0.0,0.0
watch7_rotated_-270,0.418125,0.50125,0.50375,0.51,0.38,0.57375,0.0925,0.1225,0.37,0.40125,0.12,0.175,0.221875,0.5,0.06875,0.0725,0.0,0.0,0.0,0.0,0.0,0.0,0.0,0.0,0.0,0.0,0.0,0.0,0.0,0.0,0.0,0.0
watch7_rotated_-90,0.581875,0.49875,0.50375,0.51,0.62,0.42625,0.0925,0.1225,0.63,0.59875,0.12,0.175,0.778125,0.5,0.06875,0.0725,0.0,0.0,0.0,0.0,0.0,0.0,0.0,0.0,0.0,0.0,0.0,0.0,0.0,0.0,0.0,0.0
watch7_rotated_180,0.50125,0.581875,0.51,0.50375,0.57375,0.62,0.1225,0.0925,0.40125,0.63,0.175,0.12,0.5,0.778125,0.0725,0.06875,0.0,0.0,0.0,0.0,0.0,0.0,0.0,0.0,0.0,0.0,0.0,0.0,0.0,0.0,0.0,0.0
watch80_rotated_-270,0.390295,0.53692,0.485232,0.474684,0.345992,0.598101,0.080169,0.111814,0.324895,0.459916,0.126582,0.160338,0.225738,0.524262,0.046414,0.040084,0.0,0.0,0.0,0.0,0.0,0.0,0.0,0.0,0.0,0.0,0.0,0.0,0.0,0.0,0.0,0.0
watch80_rotated_-90,0.609705,0.46308,0.485232,0.474684,0.654008,0.401899,0.080169,0.111814,0.675105,0.540084,0.126582,0.160338,0.774262,0.475738,0.046414,0.040084,0.0,0.0,0.0,0.0,0.0,0.0,0.0,0.0,0.0,0.0,0.0,0.0,0.0,0.0,0.0,0.0
watch80_rotated_180,0.53692,0.609705,0.474684,0.485232,0.598101,0.654008,0.111814,0.080169,0.459916,0.675105,0.160338,0.126582,0.524262,0.774262,0.040084,0.046414,0.0,0.0,0.0,0.0,0.0,0.0,0.0,0.0,0.0,0.0,0.0,0.0,0.0,0.0,0.0,0.0
watch81_rotated_-270,0.518987,0.53481,0.561181,0.537975,0.46097,0.602321,0.116034,0.120253,0.46308,0.435654,0.111814,0.21308,0.300633,0.533755,0.052743,0.050633,0.0,0.0,0.0,0.0,0.0,0.0,0.0,0.0,0.0,0.0,0.0,0.0,0.0,0.0,0.0,0.0
watch81_rotated_-90,0.481013,0.46519,0.561181,0.537975,0.53903,0.397679,0.116034,0.120253,0.53692,0.564346,0.111814,0.21308,0.699367,0.466245,0.052743,0.050633,0.0,0.0,0.0,0.0,0.0,0.0,0.0,0.0,0.0,0.0,0.0,0.0,0.0,0.0,0.0,0.0
watch81_rotated_180,0.53481,0.481013,0.537975,0.561181,0.602321,0.53903,0.120253,0.116034,0.435654,0.53692,0.21308,0.111814,0.533755,0.699367,0.050633,0.052743,0.0,0.0,0.0,0.0,0.0,0.0,0.0,0.0,0.0,0.0,0.0,0.0,0.0,0.0,0.0,0.0
watch82_rotated_-270,0.529777,0.545359,0.826303,0.732068,0.457816,0.627637,0.136476,0.162447,0.406948,0.406118,0.248139,0.28481,0.240695,0.482068,0.074442,0.07384,0.0,0.0,0.0,0.0,0.0,0.0,0.0,0.0,0.0,0.0,0.0,0.0,0.0,0.0,0.0,0.0
watch82_rotated_-90,0.470223,0.454641,0.826303,0.732068,0.542184,0.372363,0.136476,0.162447,0.593052,0.593882,0.248139,0.28481,0.759305,0.517932,0.074442,0.07384,0.0,0.0,0.0,0.0,0.0,0.0,0.0,0.0,0.0,0.0,0.0,0.0,0.0,0.0,0.0,0.0
watch82_rotated_180,0.545359,0.470223,0.732068,0.826303,0.627637,0.542184,0.162447,0.136476,0.406118,0.593052,0.28481,0.248139,0.482068,0.759305,0.07384,0.074442,0.0,0.0,0.0,0.0,0.0,0.0,0.0,0.0,0.0,0.0,0.0,0.0,0.0,0.0,0.0,0.0
watch83_rotated_-270,0.566456,0.5327,0.533755,0.521097,0.513713,0.611814,0.116034,0.156118,0.50211,0.436709,0.135021,0.198312,0.357595,0.529536,0.035865,0.046414,0.0,0.0,0.0,0.0,0.0,0.0,0.0,0.0,0.0,0.0,0.0,0.0,0.0,0.0,0.0,0.0
watch83_rotated_-90,0.433544,0.4673,0.533755,0.521097,0.486287,0.388186,0.116034,0.156118,0.49789,0.563291,0.135021,0.198312,0.642405,0.470464,0.035865,0.046414,0.0,0.0,0.0,0.0,0.0,0.0,0.0,0.0,0.0,0.0,0.0,0.0,0.0,0.0,0.0,0.0
watch83_rotated_180,0.5327,0.433544,0.521097,0.533755,0.611814,0.486287,0.156118,0.116034,0.436709,0.49789,0.198312,0.135021,0.529536,0.642405,0.046414,0.035865,0.0,0.0,0.0,0.0,0.0,0.0,0.0,0.0,0.0,0.0,0.0,0.0,0.0,0.0,0.0,0.0
watch84_rotated_-270,0.455696,0.5327,0.451477,0.436709,0.491561,0.526371,0.075949,0.027426,0.420886,0.577004,0.082278,0.099156,0.309072,0.521097,0.124473,0.025316,0.0,0.0,0.0,0.0,0.0,0.0,0.0,0.0,0.0,0.0,0.0,0.0,0.0,0.0,0.0,0.0
watch84_rotated_-90,0.544304,0.4673,0.451477,0.436709,0.508439,0.473629,0.075949,0.027426,0.579114,0.422996,0.082278,0.099156,0.690928,0.478903,0.124473,0.025316,0.0,0.0,0.0,0.0,0.0,0.0,0.0,0.0,0.0,0.0,0.0,0.0,0.0,0.0,0.0,0.0
watch84_rotated_180,0.5327,0.544304,0.436709,0.451477,0.526371,0.508439,0.027426,0.075949,0.577004,0.579114,0.099156,0.082278,0.521097,0.690928,0.025316,0.124473,0.0,0.0,0.0,0.0,0.0,0.0,0.0,0.0,0.0,0.0,0.0,0.0,0.0,0.0,0.0,0.0
watch85_rotated_-270,0.317511,0.512658,0.436709,0.476793,0.28481,0.568565,0.075949,0.116034,0.291139,0.418776,0.059072,0.196203,0.167722,0.513713,0.065401,0.035865,0.0,0.0,0.0,0.0,0.0,0.0,0.0,0.0,0.0,0.0,0.0,0.0,0.0,0.0,0.0,0.0
watch85_rotated_-90,0.682489,0.487342,0.436709,0.476793,0.71519,0.431435,0.075949,0.116034,0.708861,0.581224,0.059072,0.196203,0.832278,0.486287,0.065401,0.035865,0.0,0.0,0.0,0.0,0.0,0.0,0.0,0.0,0.0,0.0,0.0,0.0,0.0,0.0,0.0,0.0
watch85_rotated_180,0.512658,0.682489,0.476793,0.436709,0.568565,0.71519,0.116034,0.075949,0.418776,0.708861,0.196203,0.059072,0.513713,0.832278,0.035865,0.065401,0.0,0.0,0.0,0.0,0.0,0.0,0.0,0.0,0.0,0.0,0.0,0.0,0.0,0.0,0.0,0.0
watch86_rotated_-270,0.451477,0.530591,0.379747,0.381857,0.420886,0.568565,0.061181,0.082278,0.414557,0.468354,0.06962,0.122363,0.335443,0.521097,0.092827,0.016878,0.0,0.0,0.0,0.0,0.0,0.0,0.0,0.0,0.0,0.0,0.0,0.0,0.0,0.0,0.0,0.0
watch86_rotated_-90,0.548523,0.469409,0.379747,0.381857,0.579114,0.431435,0.061181,0.082278,0.585443,0.531646,0.06962,0.122363,0.664557,0.478903,0.092827,0.016878,0.0,0.0,0.0,0.0,0.0,0.0,0.0,0.0,0.0,0.0,0.0,0.0,0.0,0.0,0.0,0.0
watch86_rotated_180,0.530591,0.548523,0.381857,0.379747,0.568565,0.579114,0.082278,0.061181,0.468354,0.585443,0.122363,0.06962,0.521097,0.664557,0.016878,0.092827,0.0,0.0,0.0,0.0,0.0,0.0,0.0,0.0,0.0,0.0,0.0,0.0,0.0,0.0,0.0,0.0
watch87_rotated_-270,0.345992,0.513713,0.362869,0.386076,0.320675,0.558017,0.063291,0.090717,0.328059,0.438819,0.056962,0.160338,0.222574,0.512658,0.048523,0.037975,0.0,0.0,0.0,0.0,0.0,0.0,0.0,0.0,0.0,0.0,0.0,0.0,0.0,0.0,0.0,0.0
watch87_rotated_-90,0.654008,0.486287,0.362869,0.386076,0.679325,0.441983,0.063291,0.090717,0.671941,0.561181,0.056962,0.160338,0.777426,0.487342,0.048523,0.037975,0.0,0.0,0.0,0.0,0.0,0.0,0.0,0.0,0.0,0.0,0.0,0.0,0.0,0.0,0.0,0.0
watch87_rotated_180,0.513713,0.654008,0.386076,0.362869,0.558017,0.679325,0.090717,0.063291,0.438819,0.671941,0.160338,0.056962,0.512658,0.777426,0.037975,0.048523,0.0,0.0,0.0,0.0,0.0,0.0,0.0,0.0,0.0,0.0,0.0,0.0,0.0,0.0,0.0,0.0
watch88_rotated_-270,0.444093,0.520042,0.521097,0.512658,0.483122,0.521097,0.088608,0.012658,0.399789,0.575949,0.090717,0.109705,0.253165,0.507384,0.080169,0.040084,0.0,0.0,0.0,0.0,0.0,0.0,0.0,0.0,0.0,0.0,0.0,0.0,0.0,0.0,0.0,0.0
watch88_rotated_-90,0.555907,0.479958,0.521097,0.512658,0.516878,0.478903,0.088608,0.012658,0.600211,0.424051,0.090717,0.109705,0.746835,0.492616,0.080169,0.040084,0.0,0.0,0.0,0.0,0.0,0.0,0.0,0.0,0.0,0.0,0.0,0.0,0.0,0.0,0.0,0.0
watch88_rotated_180,0.520042,0.555907,0.512658,0.521097,0.521097,0.516878,0.012658,0.088608,0.575949,0.600211,0.109705,0.090717,0.507384,0.746835,0.040084,0.080169,0.0,0.0,0.0,0.0,0.0,0.0,0.0,0.0,0.0,0.0,0.0,0.0,0.0,0.0,0.0,0.0
watch89_rotated_-270,0.436709,0.523207,0.514768,0.523207,0.464135,0.526371,0.067511,0.018987,0.396624,0.584388,0.088608,0.113924,0.274262,0.528481,0.101266,0.018987,0.0,0.0,0.0,0.0,0.0,0.0,0.0,0.0,0.0,0.0,0.0,0.0,0.0,0.0,0.0,0.0
watch89_rotated_-90,0.563291,0.476793,0.514768,0.523207,0.535865,0.473629,0.067511,0.018987,0.603376,0.415612,0.088608,0.113924,0.725738,0.471519,0.101266,0.018987,0.0,0.0,0.0,0.0,0.0,0.0,0.0,0.0,0.0,0.0,0.0,0.0,0.0,0.0,0.0,0.0
watch89_rotated_180,0.523207,0.563291,0.523207,0.514768,0.526371,0.535865,0.018987,0.067511,0.584388,0.603376,0.113924,0.088608,0.528481,0.725738,0.018987,0.101266,0.0,0.0,0.0,0.0,0.0,0.0,0.0,0.0,0.0,0.0,0.0,0.0,0.0,0.0,0.0,0.0
watch8_rotated_-270,0.42125,0.53,0.3825,0.375,0.391875,0.573125,0.07125,0.07875,0.373125,0.455,0.09125,0.125,0.266875,0.513125,0.06875,0.03125,0.0,0.0,0.0,0.0,0.0,0.0,0.0,0.0,0.0,0.0,0.0,0.0,0.0,0.0,0.0,0.0
watch8_rotated_-90,0.57875,0.47,0.3825,0.375,0.608125,0.426875,0.07125,0.07875,0.626875,0.545,0.09125,0.125,0.733125,0.486875,0.06875,0.03125,0.0,0.0,0.0,0.0,0.0,0.0,0.0,0.0,0.0,0.0,0.0,0.0,0.0,0.0,0.0,0.0
watch8_rotated_180,0.53,0.57875,0.375,0.3825,0.573125,0.608125,0.07875,0.07125,0.455,0.626875,0.125,0.09125,0.513125,0.733125,0.03125,0.06875,0.0,0.0,0.0,0.0,0.0,0.0,0.0,0.0,0.0,0.0,0.0,0.0,0.0,0.0,0.0,0.0
watch90_rotated_-270,0.456751,0.543249,0.474684,0.478903,0.492616,0.53692,0.086498,0.023207,0.425105,0.588608,0.082278,0.097046,0.280591,0.530591,0.097046,0.031646,0.0,0.0,0.0,0.0,0.0,0.0,0.0,0.0,0.0,0.0,0.0,0.0,0.0,0.0,0.0,0.0
watch90_rotated_-90,0.543249,0.456751,0.474684,0.478903,0.507384,0.46308,0.086498,0.023207,0.574895,0.411392,0.082278,0.097046,0.719409,0.469409,0.097046,0.031646,0.0,0.0,0.0,0.0,0.0,0.0,0.0,0.0,0.0,0.0,0.0,0.0,0.0,0.0,0.0,0.0
watch90_rotated_180,0.543249,0.543249,0.478903,0.474684,0.53692,0.507384,0.023207,0.086498,0.588608,0.574895,0.097046,0.082278,0.530591,0.719409,0.031646,0.097046,0.0,0.0,0.0,0.0,0.0,0.0,0.0,0.0,0.0,0.0,0.0,0.0,0.0,0.0,0.0,0.0
watch91_rotated_-270,0.42329,0.495781,0.384473,0.451477,0.395564,0.549578,0.07024,0.111814,0.389094,0.407173,0.072089,0.181435,0.279113,0.5,0.05915,0.042194,0.0,0.0,0.0,0.0,0.0,0.0,0.0,0.0,0.0,0.0,0.0,0.0,0.0,0.0,0.0,0.0
watch91_rotated_-90,0.57671,0.504219,0.384473,0.451477,0.604436,0.450422,0.07024,0.111814,0.610906,0.592827,0.072089,0.181435,0.720887,0.5,0.05915,0.042194,0.0,0.0,0.0,0.0,0.0,0.0,0.0,0.0,0.0,0.0,0.0,0.0,0.0,0.0,0.0,0.0
watch91_rotated_180,0.495781,0.57671,0.451477,0.384473,0.549578,0.604436,0.111814,0.07024,0.407173,0.610906,0.181435,0.072089,0.5,0.720887,0.042194,0.05915,0.0,0.0,0.0,0.0,0.0,0.0,0.0,0.0,0.0,0.0,0.0,0.0,0.0,0.0,0.0,0.0
watch92_rotated_-270,0.435654,0.524262,0.512658,0.516878,0.341772,0.482068,0.042194,0.06962,0.335443,0.394515,0.059072,0.105485,0.2827,0.447257,0.063291,0.021097,0.0,0.0,0.0,0.0,0.0,0.0,0.0,0.0,0.0,0.0,0.0,0.0,0.0,0.0,0.0,0.0
watch92_rotated_-90,0.564346,0.475738,0.512658,0.516878,0.658228,0.517932,0.042194,0.06962,0.664557,0.605485,0.059072,0.105485,0.7173,0.552743,0.063291,0.021097,0.0,0.0,0.0,0.0,0.0,0.0,0.0,0.0,0.0,0.0,0.0,0.0,0.0,0.0,0.0,0.0
watch92_rotated_180,0.524262,0.564346,0.516878,0.512658,0.482068,0.658228,0.06962,0.042194,0.394515,0.664557,0.105485,0.059072,0.447257,0.7173,0.021097,0.063291,0.0,0.0,0.0,0.0,0.0,0.0,0.0,0.0,0.0,0.0,0.0,0.0,0.0,0.0,0.0,0.0
watch93_rotated_-270,0.446203,0.526371,0.525316,0.521097,0.407173,0.583333,0.080169,0.107595,0.382911,0.453586,0.120253,0.156118,0.246835,0.521097,0.054852,0.063291,0.0,0.0,0.0,0.0,0.0,0.0,0.0,0.0,0.0,0.0,0.0,0.0,0.0,0.0,0.0,0.0
watch93_rotated_-90,0.553797,0.473629,0.525316,0.521097,0.592827,0.416667,0.080169,0.107595,0.617089,0.546414,0.120253,0.156118,0.753165,0.478903,0.054852,0.063291,0.0,0.0,0.0,0.0,0.0,0.0,0.0,0.0,0.0,0.0,0.0,0.0,0.0,0.0,0.0,0.0
watch93_rotated_180,0.526371,0.553797,0.521097,0.525316,0.583333,0.592827,0.107595,0.080169,0.453586,0.617089,0.156118,0.120253,0.521097,0.753165,0.063291,0.054852,0.0,0.0,0.0,0.0,0.0,0.0,0.0,0.0,0.0,0.0,0.0,0.0,0.0,0.0,0.0,0.0
watch94_rotated_-270,0.468354,0.53481,0.464135,0.445148,0.410338,0.540084,0.128692,0.037975,0.473629,0.609705,0.035865,0.206751,0.0,0.0,0.0,0.0,0.0,0.0,0.0,0.0,0.0,0.0,0.0,0.0,0.0,0.0,0.0,0.0,0.0,0.0,0.0,0.0
watch94_rotated_-90,0.531646,0.46519,0.464135,0.445148,0.589662,0.459916,0.128692,0.037975,0.526371,0.390295,0.035865,0.206751,0.0,0.0,0.0,0.0,0.0,0.0,0.0,0.0,0.0,0.0,0.0,0.0,0.0,0.0,0.0,0.0,0.0,0.0,0.0,0.0
watch94_rotated_180,0.53481,0.531646,0.445148,0.464135,0.540084,0.589662,0.037975,0.128692,0.609705,0.526371,0.206751,0.035865,0.0,0.0,0.0,0.0,0.0,0.0,0.0,0.0,0.0,0.0,0.0,0.0,0.0,0.0,0.0,0.0,0.0,0.0,0.0,0.0
watch95_rotated_-270,0.476793,0.498945,0.510549,0.512658,0.439873,0.542194,0.078059,0.109705,0.408228,0.42616,0.14557,0.147679,0.32384,0.494726,0.040084,0.044304,0.0,0.0,0.0,0.0,0.0,0.0,0.0,0.0,0.0,0.0,0.0,0.0,0.0,0.0,0.0,0.0
watch95_rotated_-90,0.523207,0.501055,0.510549,0.512658,0.560127,0.457806,0.078059,0.109705,0.591772,0.57384,0.14557,0.147679,0.67616,0.505274,0.040084,0.044304,0.0,0.0,0.0,0.0,0.0,0.0,0.0,0.0,0.0,0.0,0.0,0.0,0.0,0.0,0.0,0.0
watch95_rotated_180,0.498945,0.523207,0.512658,0.510549,0.542194,0.560127,0.109705,0.078059,0.42616,0.591772,0.147679,0.14557,0.494726,0.67616,0.044304,0.040084,0.0,0.0,0.0,0.0,0.0,0.0,0.0,0.0,0.0,0.0,0.0,0.0,0.0,0.0,0.0,0.0
watch96_rotated_-270,0.5,0.561181,0.599156,0.599156,0.464135,0.496835,0.097046,0.132911,0.427215,0.659283,0.14135,0.191983,0.275316,0.556962,0.061181,0.050633,0.0,0.0,0.0,0.0,0.0,0.0,0.0,0.0,0.0,0.0,0.0,0.0,0.0,0.0,0.0,0.0
watch96_rotated_-90,0.5,0.438819,0.599156,0.599156,0.535865,0.503165,0.097046,0.132911,0.572785,0.340717,0.14135,0.191983,0.724684,0.443038,0.061181,0.050633,0.0,0.0,0.0,0.0,0.0,0.0,0.0,0.0,0.0,0.0,0.0,0.0,0.0,0.0,0.0,0.0
watch96_rotated_180,0.561181,0.5,0.599156,0.599156,0.496835,0.535865,0.132911,0.097046,0.659283,0.572785,0.191983,0.14135,0.556962,0.724684,0.050633,0.061181,0.0,0.0,0.0,0.0,0.0,0.0,0.0,0.0,0.0,0.0,0.0,0.0,0.0,0.0,0.0,0.0
watch97_rotated_-270,0.501055,0.483122,0.424051,0.434599,0.492616,0.529536,0.018987,0.097046,0.422996,0.470464,0.154008,0.029536,0.0,0.0,0.0,0.0,0.0,0.0,0.0,0.0,0.0,0.0,0.0,0.0,0.0,0.0,0.0,0.0,0.0,0.0,0.0,0.0
watch97_rotated_-90,0.498945,0.516878,0.424051,0.434599,0.507384,0.470464,0.018987,0.097046,0.577004,0.529536,0.154008,0.029536,0.0,0.0,0.0,0.0,0.0,0.0,0.0,0.0,0.0,0.0,0.0,0.0,0.0,0.0,0.0,0.0,0.0,0.0,0.0,0.0
watch97_rotated_180,0.483122,0.498945,0.434599,0.424051,0.529536,0.507384,0.097046,0.018987,0.470464,0.577004,0.029536,0.154008,0.0,0.0,0.0,0.0,0.0,0.0,0.0,0.0,0.0,0.0,0.0,0.0,0.0,0.0,0.0,0.0,0.0,0.0,0.0,0.0
watch98_rotated_-270,0.506329,0.511603,0.56962,0.580169,0.466245,0.481013,0.151899,0.109705,0.489451,0.575949,0.063291,0.21097,0.372363,0.561181,0.035865,0.063291,0.0,0.0,0.0,0.0,0.0,0.0,0.0,0.0,0.0,0.0,0.0,0.0,0.0,0.0,0.0,0.0
watch98_rotated_-90,0.493671,0.488397,0.56962,0.580169,0.533755,0.518987,0.151899,0.109705,0.510549,0.424051,0.063291,0.21097,0.627637,0.438819,0.035865,0.063291,0.0,0.0,0.0,0.0,0.0,0.0,0.0,0.0,0.0,0.0,0.0,0.0,0.0,0.0,0.0,0.0
watch98_rotated_180,0.511603,0.493671,0.580169,0.56962,0.481013,0.533755,0.109705,0.151899,0.575949,0.510549,0.21097,0.063291,0.561181,0.627637,0.063291,0.035865,0.0,0.0,0.0,0.0,0.0,0.0,0.0,0.0,0.0,0.0,0.0,0.0,0.0,0.0,0.0,0.0
watch99_rotated_-270,0.448312,0.525316,0.487342,0.481013,0.427215,0.560127,0.06962,0.086498,0.418776,0.464135,0.090717,0.147679,0.233122,0.520042,0.040084,0.031646,0.0,0.0,0.0,0.0,0.0,0.0,0.0,0.0,0.0,0.0,0.0,0.0,0.0,0.0,0.0,0.0
watch99_rotated_-90,0.551688,0.474684,0.487342,0.481013,0.572785,0.439873,0.06962,0.086498,0.581224,0.535865,0.090717,0.147679,0.766878,0.479958,0.040084,0.031646,0.0,0.0,0.0,0.0,0.0,0.0,0.0,0.0,0.0,0.0,0.0,0.0,0.0,0.0,0.0,0.0
watch99_rotated_180,0.525316,0.551688,0.481013,0.487342,0.560127,0.572785,0.086498,0.06962,0.464135,0.581224,0.147679,0.090717,0.520042,0.766878,0.031646,0.040084,0.0,0.0,0.0,0.0,0.0,0.0,0.0,0.0,0.0,0.0,0.0,0.0,0.0,0.0,0.0,0.0
watch9_rotated_-270,0.504861,0.503472,0.329167,0.318056,0.482639,0.538194,0.048611,0.0625,0.465278,0.453472,0.069444,0.084722,0.377778,0.502083,0.047222,0.068056,0.0,0.0,0.0,0.0,0.0,0.0,0.0,0.0,0.0,0.0,0.0,0.0,0.0,0.0,0.0,0.0
watch9_rotated_-90,0.495139,0.496528,0.329167,0.318056,0.517361,0.461806,0.048611,0.0625,0.534722,0.546528,0.069444,0.084722,0.622222,0.497917,0.047222,0.068056,0.0,0.0,0.0,0.0,0.0,0.0,0.0,0.0,0.0,0.0,0.0,0.0,0.0,0.0,0.0,0.0
watch9_rotated_180,0.503472,0.495139,0.318056,0.329167,0.538194,0.517361,0.0625,0.048611,0.453472,0.534722,0.084722,0.069444,0.502083,0.622222,0.068056,0.047222,0.0,0.0,0.0,0.0,0.0,0.0,0.0,0.0,0.0,0.0,0.0,0.0,0.0,0.0,0.0,0.0
